"coverage_type","source_object","repo_mapping","module","condition","reason","impact","alternative","property","term","source_section","remarks"
"branch","wk_lsu_amr | default分支","未在本仓库srcs中定位到xx_lsu_amr生产源","wk_lsu_amr","default分支","DOCX仅列示该排除项，未另述原因","仅影响所列代码覆盖率统计；不替代功能正确性与全芯片动态签核","静态代码审查；在具备VCS/URG的全芯片环境复核适用边界","DOCX代码覆盖率排除项","待项目评审确认","1.19.2","来源：07_xxx_代码与功能覆盖率排除说明文档.docx；分组及同理排除引用按原文保留"
"condition","wk_lsu_amr | 1）amr_clk_en-120，排除子表达式amr_cnt_met_set单独为1的条件。","未在本仓库srcs中定位到xx_lsu_amr生产源","wk_lsu_amr","1）amr_clk_en-120，排除子表达式amr_cnt_met_set单独为1的条件。","排除原因：amr_cnt_met_set成立时amr_not_idle成立的充分条件","仅影响所列代码覆盖率统计；不替代功能正确性与全芯片动态签核","静态代码审查；在具备VCS/URG的全芯片环境复核适用边界","DOCX代码覆盖率排除项","待项目评审确认","1.19.3","来源：07_xxx_代码与功能覆盖率排除说明文档.docx；分组及同理排除引用按原文保留"
"fsm","wk_lsu_amr | 1）amr_state","未在本仓库srcs中定位到xx_lsu_amr生产源","wk_lsu_amr","1）amr_state","排除原因，状态机中无此状态跳转，只有复位信号有效时。","仅影响所列代码覆盖率统计；不替代功能正确性与全芯片动态签核","静态代码审查；在具备VCS/URG的全芯片环境复核适用边界","DOCX代码覆盖率排除项","待项目评审确认","1.19.4","来源：07_xxx_代码与功能覆盖率排除说明文档.docx；分组及同理排除引用按原文保留"
"condition","wk_lsu_ctrl | 1）743-lsu_hpcp_up_vld，排除子表达式lsu_hpcp_replay_data_discard单独为1的条件","srcs/xx_lsu_ctrl.sv","wk_lsu_ctrl","1）743-lsu_hpcp_up_vld，排除子表达式lsu_hpcp_replay_data_discard单独为1的条件","排除原因：lsu_hpcp_replay_data_discard是lsu_hpcp_replay_discard_sq成立的一种情况，前者成立则后者成立。如下图","仅影响所列代码覆盖率统计；不替代功能正确性与全芯片动态签核","静态代码审查；在具备VCS/URG的全芯片环境复核适用边界","DOCX代码覆盖率排除项","待项目评审确认","1.20.3","来源：07_xxx_代码与功能覆盖率排除说明文档.docx；分组及同理排除引用按原文保留"
"condition","wk_lsu_ctrl | 2）lsu_special_clk_en，pfu_part_empty信号tie 0，无法覆盖其他子表达式单独为1的条件","srcs/xx_lsu_ctrl.sv","wk_lsu_ctrl","2）lsu_special_clk_en，pfu_part_empty信号tie 0，无法覆盖其他子表达式单独为1的条件","2）lsu_special_clk_en，pfu_part_empty信号tie 0，无法覆盖其他子表达式单独为1的条件","仅影响所列代码覆盖率统计；不替代功能正确性与全芯片动态签核","静态代码审查；在具备VCS/URG的全芯片环境复核适用边界","DOCX代码覆盖率排除项","待项目评审确认","1.20.3","来源：07_xxx_代码与功能覆盖率排除说明文档.docx；分组及同理排除引用按原文保留"
"toggle","wk_lsu_ctrl | 1）wk_lsu_ctrl.sv；pfu_part_emtpy信号tie 0","srcs/xx_lsu_ctrl.sv","wk_lsu_ctrl","1）wk_lsu_ctrl.sv；pfu_part_emtpy信号tie 0","1）wk_lsu_ctrl.sv；pfu_part_emtpy信号tie 0","仅影响所列代码覆盖率统计；不替代功能正确性与全芯片动态签核","静态代码审查；在具备VCS/URG的全芯片环境复核适用边界","DOCX代码覆盖率排除项","待项目评审确认","1.20.3","来源：07_xxx_代码与功能覆盖率排除说明文档.docx；分组及同理排除引用按原文保留"
"toggle","wk_lsu_bus_arb | 1）wk_lsu_bus_arb.sv – 503，排除vb_biu_aw_unique翻转；排除原因：当所替换的行非脏时，不会创建替换数据项（sdb_data），无数据项发写数据请求，数据请求指针vb_data_biu_req_ptr=0。；创建vb-data条件：；429-lsu_biu_aw_st_unique, tie 0；433-lsu_biu_aw_viwk_burst, tie 2’b01；434-lsu_biu_aw_viwk_cache, tie 4’b1111；435-lsu_biu_aw_viwk_domain, tie 2’b01；438-lsu_biu_aw_viwk_len, tie 2’b11；439-lsu_biu_aw_viwk_lock, tie 0；440-lsu_biu_aw_viwk_prot, tie 3’b011；442-lsu_biu_aw_viwk_size, tie 3’b100；447-lsu_biu_w_st_err, tie 0；455-lsu_biu_w_viwk_strb, tie 16’hffff；457-lsu_biu_w_viwk_wns, tie 1；460-lsu_biu_ar_bar, tie 2’b10；461-pfu_biu_ar_burst, tie 2’b10；462-pfu_biu_ar_cache, tie 4’b1111；463-pfu_biu_ar_domain, tie 2’b01；466-pfu_biu_ar_len, tie 2’b01；467-pfu_biu_ar_lock, tie 0；471-pfu_biu_ar_size, tie 3’b101；472-pfu_biu_ar_snoop, tie 4’b0001；491-vb_biu_aw_burst, tie 2’b01；492-vb_biu_aw_cache, tie 4’b1111；493-vb_biu_aw_domain, tie 2’b01；496-vb_biu_aw_len, tie 2’b11；497-vb_biu_aw_lock, tie 0；498-vb_biu_aw_prot, tie 3’b011；501-vb_biu_aw_size, tie 3’b100；509-vb_biu_w_strb, tie 16’hffff；512-wmb_biu_ar_bar, tie 0；513-wmb_biu_ar_burst, tie 2’b01；515-wmb_biu_ar_domain, tie 2’b01；523-wmb_biu_ar_size, tie 3’b101；437-lsu_biu_aw_viwk_id, 高4位tie 0（详见vb-1267，1240）；495-vb_biu_aw_id, 高4位tie 0（同上）；259-vb_biu_w_id，高4位tie 0（详见vb-1375, 1371）；418-lsu_biu_aw_st_burst，第0位tie 1；432-lsu_biu_aw_viwk_bar，第0位tie 0；445-lsu_biu_aw_viwk_user, 第0位tie 1；468-pfu_biu_ar_prot[2]，tie 0；481-lsu_biu_ar_len，第1位tie 0；490-vb_biu_aw_bar，第0位tie 0；504-vb_biu_aw_user, 第0位tie 1；518-wmb_biu_ar_len，第1位tie 0；519-wmb_biu_ar_lock, tie 0；525-wmb_biu_ar_user, 第0、2位tie0；528-wmb_biu_aw_burst，第0位tie 1；409-lsu_biu_ar_prot[2]，信号tie 0；425-lsu_biu_aw_st_prot，第2位tie 0；428-lsu_biu_aw_st_snoop，第2位tie0；473-pfu_biu_ar_user，第4、5、0位tie 0；483-rb_biu_ar_prot[2]，tie 0；520-wmb_biu_ar_prot[2]；535-wmb_biu_aw_prot[2]；539-wmb_biu_aw_snoop[3]；488-rb_biu_ar_user[2]；414-lsu_biu-ar_user，第4、5位；517-wmb_biu_ar_id[4]；514-wmb_biu_ar_cache[1]；524-wmb_biu_ar_snoop[3]；wk_lsu_icc-227, icc_dcache_arb_st_dirty_din，tie 0","srcs/xx_lsu_bus_arb.sv","wk_lsu_bus_arb","1）wk_lsu_bus_arb.sv – 503，排除vb_biu_aw_unique翻转；排除原因：当所替换的行非脏时，不会创建替换数据项（sdb_data），无数据项发写数据请求，数据请求指针vb_data_biu_req_ptr=0。；创建vb-data条件：；429-lsu_biu_aw_st_unique, tie 0；433-lsu_biu_aw_viwk_burst, tie 2’b01；434-lsu_biu_aw_viwk_cache, tie 4’b1111；435-lsu_biu_aw_viwk_domain, tie 2’b01；438-lsu_biu_aw_viwk_len, tie 2’b11；439-lsu_biu_aw_viwk_lock, tie 0；440-lsu_biu_aw_viwk_prot, tie 3’b011；442-lsu_biu_aw_viwk_size, tie 3’b100；447-lsu_biu_w_st_err, tie 0；455-lsu_biu_w_viwk_strb, tie 16’hffff；457-lsu_biu_w_viwk_wns, tie 1；460-lsu_biu_ar_bar, tie 2’b10；461-pfu_biu_ar_burst, tie 2’b10；462-pfu_biu_ar_cache, tie 4’b1111；463-pfu_biu_ar_domain, tie 2’b01；466-pfu_biu_ar_len, tie 2’b01；467-pfu_biu_ar_lock, tie 0；471-pfu_biu_ar_size, tie 3’b101；472-pfu_biu_ar_snoop, tie 4’b0001；491-vb_biu_aw_burst, tie 2’b01；492-vb_biu_aw_cache, tie 4’b1111；493-vb_biu_aw_domain, tie 2’b01；496-vb_biu_aw_len, tie 2’b11；497-vb_biu_aw_lock, tie 0；498-vb_biu_aw_prot, tie 3’b011；501-vb_biu_aw_size, tie 3’b100；509-vb_biu_w_strb, tie 16’hffff；512-wmb_biu_ar_bar, tie 0；513-wmb_biu_ar_burst, tie 2’b01；515-wmb_biu_ar_domain, tie 2’b01；523-wmb_biu_ar_size, tie 3’b101；437-lsu_biu_aw_viwk_id, 高4位tie 0（详见vb-1267，1240）；495-vb_biu_aw_id, 高4位tie 0（同上）；259-vb_biu_w_id，高4位tie 0（详见vb-1375, 1371）；418-lsu_biu_aw_st_burst，第0位tie 1；432-lsu_biu_aw_viwk_bar，第0位tie 0；445-lsu_biu_aw_viwk_user, 第0位tie 1；468-pfu_biu_ar_prot[2]，tie 0；481-lsu_biu_ar_len，第1位tie 0；490-vb_biu_aw_bar，第0位tie 0；504-vb_biu_aw_user, 第0位tie 1；518-wmb_biu_ar_len，第1位tie 0；519-wmb_biu_ar_lock, tie 0；525-wmb_biu_ar_user, 第0、2位tie0；528-wmb_biu_aw_burst，第0位tie 1；409-lsu_biu_ar_prot[2]，信号tie 0；425-lsu_biu_aw_st_prot，第2位tie 0；428-lsu_biu_aw_st_snoop，第2位tie0；473-pfu_biu_ar_user，第4、5、0位tie 0；483-rb_biu_ar_prot[2]，tie 0；520-wmb_biu_ar_prot[2]；535-wmb_biu_aw_prot[2]；539-wmb_biu_aw_snoop[3]；488-rb_biu_ar_user[2]；414-lsu_biu-ar_user，第4、5位；517-wmb_biu_ar_id[4]；514-wmb_biu_ar_cache[1]；524-wmb_biu_ar_snoop[3]；wk_lsu_icc-227, icc_dcache_arb_st_dirty_din，tie 0","1）wk_lsu_bus_arb.sv – 503，排除vb_biu_aw_unique翻转；排除原因：当所替换的行非脏时，不会创建替换数据项（sdb_data），无数据项发写数据请求，数据请求指针vb_data_biu_req_ptr=0。；创建vb-data条件：；429-lsu_biu_aw_st_unique, tie 0；433-lsu_biu_aw_viwk_burst, tie 2’b01；434-lsu_biu_aw_viwk_cache, tie 4’b1111；435-lsu_biu_aw_viwk_domain, tie 2’b01；438-lsu_biu_aw_viwk_len, tie 2’b11；439-lsu_biu_aw_viwk_lock, tie 0；440-lsu_biu_aw_viwk_prot, tie 3’b011；442-lsu_biu_aw_viwk_size, tie 3’b100；447-lsu_biu_w_st_err, tie 0；455-lsu_biu_w_viwk_strb, tie 16’hffff；457-lsu_biu_w_viwk_wns, tie 1；460-lsu_biu_ar_bar, tie 2’b10；461-pfu_biu_ar_burst, tie 2’b10；462-pfu_biu_ar_cache, tie 4’b1111；463-pfu_biu_ar_domain, tie 2’b01；466-pfu_biu_ar_len, tie 2’b01；467-pfu_biu_ar_lock, tie 0；471-pfu_biu_ar_size, tie 3’b101；472-pfu_biu_ar_snoop, tie 4’b0001；491-vb_biu_aw_burst, tie 2’b01；492-vb_biu_aw_cache, tie 4’b1111；493-vb_biu_aw_domain, tie 2’b01；496-vb_biu_aw_len, tie 2’b11；497-vb_biu_aw_lock, tie 0；498-vb_biu_aw_prot, tie 3’b011；501-vb_biu_aw_size, tie 3’b100；509-vb_biu_w_strb, tie 16’hffff；512-wmb_biu_ar_bar, tie 0；513-wmb_biu_ar_burst, tie 2’b01；515-wmb_biu_ar_domain, tie 2’b01；523-wmb_biu_ar_size, tie 3’b101；437-lsu_biu_aw_viwk_id, 高4位tie 0（详见vb-1267，1240）；495-vb_biu_aw_id, 高4位tie 0（同上）；259-vb_biu_w_id，高4位tie 0（详见vb-1375, 1371）；418-lsu_biu_aw_st_burst，第0位tie 1；432-lsu_biu_aw_viwk_bar，第0位tie 0；445-lsu_biu_aw_viwk_user, 第0位tie 1；468-pfu_biu_ar_prot[2]，tie 0；481-lsu_biu_ar_len，第1位tie 0；490-vb_biu_aw_bar，第0位tie 0；504-vb_biu_aw_user, 第0位tie 1；518-wmb_biu_ar_len，第1位tie 0；519-wmb_biu_ar_lock, tie 0；525-wmb_biu_ar_user, 第0、2位tie0；528-wmb_biu_aw_burst，第0位tie 1；409-lsu_biu_ar_prot[2]，信号tie 0；425-lsu_biu_aw_st_prot，第2位tie 0；428-lsu_biu_aw_st_snoop，第2位tie0；473-pfu_biu_ar_user，第4、5、0位tie 0；483-rb_biu_ar_prot[2]，tie 0；520-wmb_biu_ar_prot[2]；535-wmb_biu_aw_prot[2]；539-wmb_biu_aw_snoop[3]；488-rb_biu_ar_user[2]；414-lsu_biu-ar_user，第4、5位；517-wmb_biu_ar_id[4]；514-wmb_biu_ar_cache[1]；524-wmb_biu_ar_snoop[3]；wk_lsu_icc-227, icc_dcache_arb_st_dirty_din，tie 0","仅影响所列代码覆盖率统计；不替代功能正确性与全芯片动态签核","静态代码审查；在具备VCS/URG的全芯片环境复核适用边界","DOCX代码覆盖率排除项","待项目评审确认","1.1.4","来源：07_xxx_代码与功能覆盖率排除说明文档.docx；分组及同理排除引用按原文保留"
"condition","wk_lsu_icc | 1）wk_lsu_icc.sv – 464，排除子表达式!cp0_dtcm_read_req单独为0的条件","未在本仓库srcs中定位到xx_lsu_icc生产源","wk_lsu_icc","1）wk_lsu_icc.sv – 464，排除子表达式!cp0_dtcm_read_req单独为0的条件","排除原因：tcm部件未实现，相关信号tie 0","仅影响所列代码覆盖率统计；不替代功能正确性与全芯片动态签核","静态代码审查；在具备VCS/URG的全芯片环境复核适用边界","DOCX代码覆盖率排除项","待项目评审确认","1.17.3","来源：07_xxx_代码与功能覆盖率排除说明文档.docx；分组及同理排除引用按原文保留"
"fsm","wk_lsu_icc | 1）wk_lsu_icc.sv-397，排除状态机跳转到idle的状态。","未在本仓库srcs中定位到xx_lsu_icc生产源","wk_lsu_icc","1）wk_lsu_icc.sv-397，排除状态机跳转到idle的状态。","排除原因：所述路径没有到IDLE的路径，仅在复位时置IDLE。","仅影响所列代码覆盖率统计；不替代功能正确性与全芯片动态签核","静态代码审查；在具备VCS/URG的全芯片环境复核适用边界","DOCX代码覆盖率排除项","待项目评审确认","1.17.3","来源：07_xxx_代码与功能覆盖率排除说明文档.docx；分组及同理排除引用按原文保留"
"branch","wk_lsu_ld_ag | case语句的default分支","srcs/xx_lsu_ld_ag.sv","wk_lsu_ld_ag","case语句的default分支","DOCX仅列示该排除项，未另述原因","仅影响所列代码覆盖率统计；不替代功能正确性与全芯片动态签核","静态代码审查；在具备VCS/URG的全芯片环境复核适用边界","DOCX代码覆盖率排除项","待项目评审确认","1.2.2","来源：07_xxx_代码与功能覆盖率排除说明文档.docx；分组及同理排除引用按原文保留"
"condition","wk_lsu_ld_ag | 1）line-2490","srcs/xx_lsu_ld_ag.sv","wk_lsu_ld_ag","1）line-2490","排除原因：cachebuffer加速，未实现功能","仅影响所列代码覆盖率统计；不替代功能正确性与全芯片动态签核","静态代码审查；在具备VCS/URG的全芯片环境复核适用边界","DOCX代码覆盖率排除项","待项目评审确认","1.2.3","来源：07_xxx_代码与功能覆盖率排除说明文档.docx；分组及同理排除引用按原文保留"
"condition","wk_lsu_ld_ag | 2）line-2500","srcs/xx_lsu_ld_ag.sv","wk_lsu_ld_ag","2）line-2500","排除原因：同上、同理排除2886、2902","仅影响所列代码覆盖率统计；不替代功能正确性与全芯片动态签核","静态代码审查；在具备VCS/URG的全芯片环境复核适用边界","DOCX代码覆盖率排除项","待项目评审确认","1.2.3","来源：07_xxx_代码与功能覆盖率排除说明文档.docx；分组及同理排除引用按原文保留"
"condition","wk_lsu_ld_ag | 3）line-2462","srcs/xx_lsu_ld_ag.sv","wk_lsu_ld_ag","3）line-2462","排除原因：lag_lrq_pa_vld tie 0，不保存pa。同理排除2462、2468、2451、2431、2459、2472、2454","仅影响所列代码覆盖率统计；不替代功能正确性与全芯片动态签核","静态代码审查；在具备VCS/URG的全芯片环境复核适用边界","DOCX代码覆盖率排除项","待项目评审确认","1.2.3","来源：07_xxx_代码与功能覆盖率排除说明文档.docx；分组及同理排除引用按原文保留"
"condition","wk_lsu_ld_ag | 4）line-2752","srcs/xx_lsu_ld_ag.sv","wk_lsu_ld_ag","4）line-2752","排除原因：tcm未实现，同理排除2457、2426、2566、2775","仅影响所列代码覆盖率统计；不替代功能正确性与全芯片动态签核","静态代码审查；在具备VCS/URG的全芯片环境复核适用边界","DOCX代码覆盖率排除项","待项目评审确认","1.2.3","来源：07_xxx_代码与功能覆盖率排除说明文档.docx；分组及同理排除引用按原文保留"
"condition","wk_lsu_ld_ag | 5）wk_lsu_ld_ag.sv – 1296","srcs/xx_lsu_ld_ag.sv","wk_lsu_ld_ag","5）wk_lsu_ld_ag.sv – 1296","排除原因：ld_ag_stall_vld=1表示ag停顿且上游没有比ag栈更老的请求，不允许发射，因此ld_rf_inst_vld=0，同理排除1279、1184、1298、1311、1325、1337、1344、1358、1367、1377、1386、1395、1416、1424、1294、1309；第二个条件满足前序else if分支，如下图所示：","仅影响所列代码覆盖率统计；不替代功能正确性与全芯片动态签核","静态代码审查；在具备VCS/URG的全芯片环境复核适用边界","DOCX代码覆盖率排除项","待项目评审确认","1.2.3","来源：07_xxx_代码与功能覆盖率排除说明文档.docx；分组及同理排除引用按原文保留"
"condition","wk_lsu_ld_ag | 6）line-2892","srcs/xx_lsu_ld_ag.sv","wk_lsu_ld_ag","6）line-2892","排除原因：lag_ldc_ex1_ahead_predict tie1，同理排除2998、3009，tcm部件同4）","仅影响所列代码覆盖率统计；不替代功能正确性与全芯片动态签核","静态代码审查；在具备VCS/URG的全芯片环境复核适用边界","DOCX代码覆盖率排除项","待项目评审确认","1.2.3","来源：07_xxx_代码与功能覆盖率排除说明文档.docx；分组及同理排除引用按原文保留"
"condition","wk_lsu_ld_ag | 7）wk_lsu_ld_ag.sv – 1482","srcs/xx_lsu_ld_ag.sv","wk_lsu_ld_ag","7）wk_lsu_ld_ag.sv – 1482","排除原因：非原子操作，inst_type=2’b00。","仅影响所列代码覆盖率统计；不替代功能正确性与全芯片动态签核","静态代码审查；在具备VCS/URG的全芯片环境复核适用边界","DOCX代码覆盖率排除项","待项目评审确认","1.2.3","来源：07_xxx_代码与功能覆盖率排除说明文档.docx；分组及同理排除引用按原文保留"
"condition","wk_lsu_ld_ag | 8）wk_lsu_ld_ag.sv-1261","srcs/xx_lsu_ld_ag.sv","wk_lsu_ld_ag","8）wk_lsu_ld_ag.sv-1261","排除原因：ld_ag_stall_vld=0满足前序if分支，进入该分支时，ld_ag_stall_vld不为0。","仅影响所列代码覆盖率统计；不替代功能正确性与全芯片动态签核","静态代码审查；在具备VCS/URG的全芯片环境复核适用边界","DOCX代码覆盖率排除项","待项目评审确认","1.2.3","来源：07_xxx_代码与功能覆盖率排除说明文档.docx；分组及同理排除引用按原文保留"
"condition","wk_lsu_ld_ag | 9）wk_lsu_ld_ag.sv -1375","srcs/xx_lsu_ld_ag.sv","wk_lsu_ld_ag","9）wk_lsu_ld_ag.sv -1375","排除原因：mmu_lsu_pa_vld是mmu_lsu_page_fault的必要条件之一。","仅影响所列代码覆盖率统计；不替代功能正确性与全芯片动态签核","静态代码审查；在具备VCS/URG的全芯片环境复核适用边界","DOCX代码覆盖率排除项","待项目评审确认","1.2.3","来源：07_xxx_代码与功能覆盖率排除说明文档.docx；分组及同理排除引用按原文保留"
"condition","wk_lsu_ld_ag | 10）wk_lsu_ld_ag.sv – 1479","srcs/xx_lsu_ld_ag.sv","wk_lsu_ld_ag","10）wk_lsu_ld_ag.sv – 1479","排除原因：同7）","仅影响所列代码覆盖率统计；不替代功能正确性与全芯片动态签核","静态代码审查；在具备VCS/URG的全芯片环境复核适用边界","DOCX代码覆盖率排除项","待项目评审确认","1.2.3","来源：07_xxx_代码与功能覆盖率排除说明文档.docx；分组及同理排除引用按原文保留"
"condition","wk_lsu_ld_ag | 11）line-2521，排除ld_ag_bypass_en单独为1的条件","srcs/xx_lsu_ld_ag.sv","wk_lsu_ld_ag","11）line-2521，排除ld_ag_bypass_en单独为1的条件","排除愿意：访问字节数为1/2/4/8/16，相当于ld_ag_bypass_en tie1","仅影响所列代码覆盖率统计；不替代功能正确性与全芯片动态签核","静态代码审查；在具备VCS/URG的全芯片环境复核适用边界","DOCX代码覆盖率排除项","待项目评审确认","1.2.3","来源：07_xxx_代码与功能覆盖率排除说明文档.docx；分组及同理排除引用按原文保留"
"condition","wk_lsu_ld_ag | 12）wk_lsu_ld_ag.sv- 2749","srcs/xx_lsu_ld_ag.sv","wk_lsu_ld_ag","12）wk_lsu_ld_ag.sv- 2749","排除原因：跨界LDR类型请求ld_ag_inst_ldr信号只有第一笔有意义，用来产生停顿。第二笔无意义，置x，如下图：","仅影响所列代码覆盖率统计；不替代功能正确性与全芯片动态签核","静态代码审查；在具备VCS/URG的全芯片环境复核适用边界","DOCX代码覆盖率排除项","待项目评审确认","1.2.3","来源：07_xxx_代码与功能覆盖率排除说明文档.docx；分组及同理排除引用按原文保留"
"condition","wk_lsu_ld_ag | 13）2998，排除lag_ldc_ex1_ahead_predict=0的条件","srcs/xx_lsu_ld_ag.sv","wk_lsu_ld_ag","13）2998，排除lag_ldc_ex1_ahead_predict=0的条件","DOCX仅列示该排除项，未另述原因","仅影响所列代码覆盖率统计；不替代功能正确性与全芯片动态签核","静态代码审查；在具备VCS/URG的全芯片环境复核适用边界","DOCX代码覆盖率排除项","待项目评审确认","1.2.3","来源：07_xxx_代码与功能覆盖率排除说明文档.docx；分组及同理排除引用按原文保留"
"condition","wk_lsu_ld_ag | 13）wk_lsu_ld_ag.sv – 1494","srcs/xx_lsu_ld_ag.sv","wk_lsu_ld_ag","13）wk_lsu_ld_ag.sv – 1494","排除原因：ld_ag_ld_inst=0是ld_ag_lsfifo=0的充分条件。ld_ag_ld_inst=0表示原子操作，原子操作ld_ag_lsfifo不为1。","仅影响所列代码覆盖率统计；不替代功能正确性与全芯片动态签核","静态代码审查；在具备VCS/URG的全芯片环境复核适用边界","DOCX代码覆盖率排除项","待项目评审确认","1.2.3","来源：07_xxx_代码与功能覆盖率排除说明文档.docx；分组及同理排除引用按原文保留"
"condition","wk_lsu_ld_ag | 14）wk_lsu_ld_ag.sv -2698","srcs/xx_lsu_ld_ag.sv","wk_lsu_ld_ag","14）wk_lsu_ld_ag.sv -2698","排除原因：lag_ldc_ex1_inst_vls是ld_ag_ld_inst充分条件。","仅影响所列代码覆盖率统计；不替代功能正确性与全芯片动态签核","静态代码审查；在具备VCS/URG的全芯片环境复核适用边界","DOCX代码覆盖率排除项","待项目评审确认","1.2.3","来源：07_xxx_代码与功能覆盖率排除说明文档.docx；分组及同理排除引用按原文保留"
"condition","wk_lsu_ld_ag | 15）line-1578","srcs/xx_lsu_ld_ag.sv","wk_lsu_ld_ag","15）line-1578","排除原因：如果是第二笔（lag_ldc_ex1_secd=1），意味着是跨界请求（ld_ag_bouncary_unmask不为0）","仅影响所列代码覆盖率统计；不替代功能正确性与全芯片动态签核","静态代码审查；在具备VCS/URG的全芯片环境复核适用边界","DOCX代码覆盖率排除项","待项目评审确认","1.2.3","来源：07_xxx_代码与功能覆盖率排除说明文档.docx；分组及同理排除引用按原文保留"
"condition","wk_lsu_ld_ag | 16）wk_lsu_ld_ag.sv - 2721","srcs/xx_lsu_ld_ag.sv","wk_lsu_ld_ag","16）wk_lsu_ld_ag.sv - 2721","排除原因：重发指令不会访问sfp表项，lag_ex1_sfp_pc_hit=x","仅影响所列代码覆盖率统计；不替代功能正确性与全芯片动态签核","静态代码审查；在具备VCS/URG的全芯片环境复核适用边界","DOCX代码覆盖率排除项","待项目评审确认","1.2.3","来源：07_xxx_代码与功能覆盖率排除说明文档.docx；分组及同理排除引用按原文保留"
"condition","wk_lsu_ld_ag | 17）line-3022，排除子表达式!lag_ldc_ex1_already_da单独为0的条件","srcs/xx_lsu_ld_ag.sv","wk_lsu_ld_ag","17）line-3022，排除子表达式!lag_ldc_ex1_already_da单独为0的条件","排除原因：如果该子表达式所述条件成立，表示重发请求，va已经计算完毕，不会再产生跨页停顿。","仅影响所列代码覆盖率统计；不替代功能正确性与全芯片动态签核","静态代码审查；在具备VCS/URG的全芯片环境复核适用边界","DOCX代码覆盖率排除项","待项目评审确认","1.2.3","来源：07_xxx_代码与功能覆盖率排除说明文档.docx；分组及同理排除引用按原文保留"
"condition","wk_lsu_ld_ag | 18）wk_lsu_ld_ag.sv – 1456","srcs/xx_lsu_ld_ag.sv","wk_lsu_ld_ag","18）wk_lsu_ld_ag.sv – 1456","排除原因：同12","仅影响所列代码覆盖率统计；不替代功能正确性与全芯片动态签核","静态代码审查；在具备VCS/URG的全芯片环境复核适用边界","DOCX代码覆盖率排除项","待项目评审确认","1.2.3","来源：07_xxx_代码与功能覆盖率排除说明文档.docx；分组及同理排除引用按原文保留"
"condition","wk_lsu_ld_ag | 19）wk_lsu_ld_ag.sv – 2797","srcs/xx_lsu_ld_ag.sv","wk_lsu_ld_ag","19）wk_lsu_ld_ag.sv – 2797","排除原因：重发的指令不会创建lrq，lag_lrq_create_already=0","仅影响所列代码覆盖率统计；不替代功能正确性与全芯片动态签核","静态代码审查；在具备VCS/URG的全芯片环境复核适用边界","DOCX代码覆盖率排除项","待项目评审确认","1.2.3","来源：07_xxx_代码与功能覆盖率排除说明文档.docx；分组及同理排除引用按原文保留"
"condition","wk_lsu_ld_ag | 20）line-2784","srcs/xx_lsu_ld_ag.sv","wk_lsu_ld_ag","20）line-2784","排除原因：ld_ag_mmu_stall_req tie0，同理排除2804","仅影响所列代码覆盖率统计；不替代功能正确性与全芯片动态签核","静态代码审查；在具备VCS/URG的全芯片环境复核适用边界","DOCX代码覆盖率排除项","待项目评审确认","1.2.3","来源：07_xxx_代码与功能覆盖率排除说明文档.docx；分组及同理排除引用按原文保留"
"condition","wk_lsu_ld_ag | 21）line-2665","srcs/xx_lsu_ld_ag.sv","wk_lsu_ld_ag","21）line-2665","排除","仅影响所列代码覆盖率统计；不替代功能正确性与全芯片动态签核","静态代码审查；在具备VCS/URG的全芯片环境复核适用边界","DOCX代码覆盖率排除项","待项目评审确认","1.2.3","来源：07_xxx_代码与功能覆盖率排除说明文档.docx；分组及同理排除引用按原文保留"
"condition","wk_lsu_ld_ag | 22）wk_lsu_ld_ag.sv-2855","srcs/xx_lsu_ld_ag.sv","wk_lsu_ld_ag","22）wk_lsu_ld_ag.sv-2855","排除原因：该条件满足前一个分支，如下图所示：","仅影响所列代码覆盖率统计；不替代功能正确性与全芯片动态签核","静态代码审查；在具备VCS/URG的全芯片环境复核适用边界","DOCX代码覆盖率排除项","待项目评审确认","1.2.3","来源：07_xxx_代码与功能覆盖率排除说明文档.docx；分组及同理排除引用按原文保留"
"toggle","wk_lsu_ld_ag | 1）wk_lsu_ld_ag.sv，以下信号相应位tie固定值；998-ag_vmask_reg_cnt[0] tie0；930-lsu_idu_ex1_vreg[6] tie0；617-ld_ag_access_size_ori[3] tie0；873-ld_ag_mmu_stall_req tie0；956-mmu_lsu_stall tie0；595-lsu_lrq_ex1_pa_set tie0；338-ld_ag_dtu_type[1] tie 1；432-sfp_hit_no_spec_tbl tie0；ld_ag_bytes_vld_high_bits[15] tie1；ld_ag_le_bytes_vld_high_bits[15] tie1；ld_ag_le_bytes_vld_high_bits_full[15] tie1；ld_ag_le_bytes_vld_low_bits_full[0] tie1","srcs/xx_lsu_ld_ag.sv","wk_lsu_ld_ag","1）wk_lsu_ld_ag.sv，以下信号相应位tie固定值；998-ag_vmask_reg_cnt[0] tie0；930-lsu_idu_ex1_vreg[6] tie0；617-ld_ag_access_size_ori[3] tie0；873-ld_ag_mmu_stall_req tie0；956-mmu_lsu_stall tie0；595-lsu_lrq_ex1_pa_set tie0；338-ld_ag_dtu_type[1] tie 1；432-sfp_hit_no_spec_tbl tie0；ld_ag_bytes_vld_high_bits[15] tie1；ld_ag_le_bytes_vld_high_bits[15] tie1；ld_ag_le_bytes_vld_high_bits_full[15] tie1；ld_ag_le_bytes_vld_low_bits_full[0] tie1","1）wk_lsu_ld_ag.sv，以下信号相应位tie固定值；998-ag_vmask_reg_cnt[0] tie0；930-lsu_idu_ex1_vreg[6] tie0；617-ld_ag_access_size_ori[3] tie0；873-ld_ag_mmu_stall_req tie0；956-mmu_lsu_stall tie0；595-lsu_lrq_ex1_pa_set tie0；338-ld_ag_dtu_type[1] tie 1；432-sfp_hit_no_spec_tbl tie0；ld_ag_bytes_vld_high_bits[15] tie1；ld_ag_le_bytes_vld_high_bits[15] tie1；ld_ag_le_bytes_vld_high_bits_full[15] tie1；ld_ag_le_bytes_vld_low_bits_full[0] tie1","仅影响所列代码覆盖率统计；不替代功能正确性与全芯片动态签核","静态代码审查；在具备VCS/URG的全芯片环境复核适用边界","DOCX代码覆盖率排除项","待项目评审确认","1.2.4","来源：07_xxx_代码与功能覆盖率排除说明文档.docx；分组及同理排除引用按原文保留"
"toggle","wk_lsu_ld_ag | 2）inst_type[1:0]，对于加载指令，该信号高位为0，涉及以下信号：；762-idu_lsu_rf_inst_type；630-lag_ldc_ex1_inst_type；575-lsu_lrq_create_type","srcs/xx_lsu_ld_ag.sv","wk_lsu_ld_ag","2）inst_type[1:0]，对于加载指令，该信号高位为0，涉及以下信号：；762-idu_lsu_rf_inst_type；630-lag_ldc_ex1_inst_type；575-lsu_lrq_create_type","DOCX仅列示该排除项，未另述原因","仅影响所列代码覆盖率统计；不替代功能正确性与全芯片动态签核","静态代码审查；在具备VCS/URG的全芯片环境复核适用边界","DOCX代码覆盖率排除项","待项目评审确认","1.2.4","来源：07_xxx_代码与功能覆盖率排除说明文档.docx；分组及同理排除引用按原文保留"
"toggle","wk_lsu_ld_ag | 3）未使用信号；614-active_with_vld；615-active_with_vstart；734-all_active_for_vl；735-all_active_for_vstart；736-all_inactive_for_vl；737-all_inactive_for_vstart；753-element_active；754-element_active_aft_mask；755-element_vld_aft_mask；1012-lag_us_misalign_no_page；1013-lag_us_misalign_with_page；1004-lag_us_tag_req；906-ld_ag_struwk_stall4abort；907-ld_ag_tcm_hit；908-ld_ag_tcm_stall","srcs/xx_lsu_ld_ag.sv","wk_lsu_ld_ag","3）未使用信号；614-active_with_vld；615-active_with_vstart；734-all_active_for_vl；735-all_active_for_vstart；736-all_inactive_for_vl；737-all_inactive_for_vstart；753-element_active；754-element_active_aft_mask；755-element_vld_aft_mask；1012-lag_us_misalign_no_page；1013-lag_us_misalign_with_page；1004-lag_us_tag_req；906-ld_ag_struwk_stall4abort；907-ld_ag_tcm_hit；908-ld_ag_tcm_stall","3）未使用信号；614-active_with_vld；615-active_with_vstart；734-all_active_for_vl；735-all_active_for_vstart；736-all_inactive_for_vl；737-all_inactive_for_vstart；753-element_active；754-element_active_aft_mask；755-element_vld_aft_mask；1012-lag_us_misalign_no_page；1013-lag_us_misalign_with_page；1004-lag_us_tag_req；906-ld_ag_struwk_stall4abort；907-ld_ag_tcm_hit；908-ld_ag_tcm_stall","仅影响所列代码覆盖率统计；不替代功能正确性与全芯片动态签核","静态代码审查；在具备VCS/URG的全芯片环境复核适用边界","DOCX代码覆盖率排除项","待项目评审确认","1.2.4","来源：07_xxx_代码与功能覆盖率排除说明文档.docx；分组及同理排除引用按原文保留"
"line","wk_lsu_ld_dc | 1）case语句default分支","srcs/xx_lsu_ld_dc.sv","wk_lsu_ld_dc","1）case语句default分支","DOCX仅列示该排除项，未另述原因","仅影响所列代码覆盖率统计；不替代功能正确性与全芯片动态签核","静态代码审查；在具备VCS/URG的全芯片环境复核适用边界","DOCX代码覆盖率排除项","待项目评审确认","1.3.1","来源：07_xxx_代码与功能覆盖率排除说明文档.docx；分组及同理排除引用按原文保留"
"line","wk_lsu_ld_dc | 2）mmu_bytes_vld-1801","srcs/xx_lsu_ld_dc.sv","wk_lsu_ld_dc","2）mmu_bytes_vld-1801","排除原因：mmu_lsu_data_req_size信号tie 1","仅影响所列代码覆盖率统计；不替代功能正确性与全芯片动态签核","静态代码审查；在具备VCS/URG的全芯片环境复核适用边界","DOCX代码覆盖率排除项","待项目评审确认","1.3.1","来源：07_xxx_代码与功能覆盖率排除说明文档.docx；分组及同理排除引用按原文保留"
"branch","wk_lsu_ld_dc | case语句default分支","srcs/xx_lsu_ld_dc.sv","wk_lsu_ld_dc","case语句default分支","其他同1.3.1","仅影响所列代码覆盖率统计；不替代功能正确性与全芯片动态签核","静态代码审查；在具备VCS/URG的全芯片环境复核适用边界","DOCX代码覆盖率排除项","待项目评审确认","1.3.2","来源：07_xxx_代码与功能覆盖率排除说明文档.docx；分组及同理排除引用按原文保留"
"condition","wk_lsu_ld_dc | 1）2176，ld_dc_da_cb_merge_en，cachebuffer未使用，同理排除1623、2169、1584、2160","srcs/xx_lsu_ld_dc.sv","wk_lsu_ld_dc","1）2176，ld_dc_da_cb_merge_en，cachebuffer未使用，同理排除1623、2169、1584、2160","1）2176，ld_dc_da_cb_merge_en，cachebuffer未使用，同理排除1623、2169、1584、2160","仅影响所列代码覆盖率统计；不替代功能正确性与全芯片动态签核","静态代码审查；在具备VCS/URG的全芯片环境复核适用边界","DOCX代码覆盖率排除项","待项目评审确认","1.3.3","来源：07_xxx_代码与功能覆盖率排除说明文档.docx；分组及同理排除引用按原文保留"
"condition","wk_lsu_ld_dc | 2）2144，ldc_lda_ex2_pfu_info_set_vld，信号pfu_sdb_empty, pfu_pfb_empty信号tie 0","srcs/xx_lsu_ld_dc.sv","wk_lsu_ld_dc","2）2144，ldc_lda_ex2_pfu_info_set_vld，信号pfu_sdb_empty, pfu_pfb_empty信号tie 0","2）2144，ldc_lda_ex2_pfu_info_set_vld，信号pfu_sdb_empty, pfu_pfb_empty信号tie 0","仅影响所列代码覆盖率统计；不替代功能正确性与全芯片动态签核","静态代码审查；在具备VCS/URG的全芯片环境复核适用边界","DOCX代码覆盖率排除项","待项目评审确认","1.3.3","来源：07_xxx_代码与功能覆盖率排除说明文档.docx；分组及同理排除引用按原文保留"
"condition","wk_lsu_ld_dc | 3）1760，排除后2个子表达式单独未0的条件","srcs/xx_lsu_ld_dc.sv","wk_lsu_ld_dc","3）1760，排除后2个子表达式单独未0的条件","排除原因： ldc_lq_full_req前提是ldc_lq_ex2_create_dp_vld，后者前提非同栈相关且非页表miss，即ldc_depd_imme_restart_req=0或者ldc_utlb_miss_vld=0是ldc_lq_full_req=0的充分条件。","仅影响所列代码覆盖率统计；不替代功能正确性与全芯片动态签核","静态代码审查；在具备VCS/URG的全芯片环境复核适用边界","DOCX代码覆盖率排除项","待项目评审确认","1.3.3","来源：07_xxx_代码与功能覆盖率排除说明文档.docx；分组及同理排除引用按原文保留"
"condition","wk_lsu_ld_dc | 4）1756，排除第一个子表达式单独为0","srcs/xx_lsu_ld_dc.sv","wk_lsu_ld_dc","4）1756，排除第一个子表达式单独为0","排除原因：ldc_depd_imme_restart_req、ldc_utlb_miss_vld条件互斥，即ldc_utlb_miss_vld=0是ldc_depd_imme_restart_req的必要条件。","仅影响所列代码覆盖率统计；不替代功能正确性与全芯片动态签核","静态代码审查；在具备VCS/URG的全芯片环境复核适用边界","DOCX代码覆盖率排除项","待项目评审确认","1.3.3","来源：07_xxx_代码与功能覆盖率排除说明文档.docx；分组及同理排除引用按原文保留"
"condition","wk_lsu_ld_dc | 5）1503","srcs/xx_lsu_ld_dc.sv","wk_lsu_ld_dc","5）1503","排除原因：未覆盖条件满足前序else if分支，满足该条件不会进入该分支。","仅影响所列代码覆盖率统计；不替代功能正确性与全芯片动态签核","静态代码审查；在具备VCS/URG的全芯片环境复核适用边界","DOCX代码覆盖率排除项","待项目评审确认","1.3.3","来源：07_xxx_代码与功能覆盖率排除说明文档.docx；分组及同理排除引用按原文保留"
"condition","wk_lsu_ld_dc | 6）1513","srcs/xx_lsu_ld_dc.sv","wk_lsu_ld_dc","6）1513","排除原因：同上","仅影响所列代码覆盖率统计；不替代功能正确性与全芯片动态签核","静态代码审查；在具备VCS/URG的全芯片环境复核适用边界","DOCX代码覆盖率排除项","待项目评审确认","1.3.3","来源：07_xxx_代码与功能覆盖率排除说明文档.docx；分组及同理排除引用按原文保留"
"condition","wk_lsu_ld_dc | 7）wk_lsu_ld_dc.sv - 1502","srcs/xx_lsu_ld_dc.sv","wk_lsu_ld_dc","7）wk_lsu_ld_dc.sv - 1502","排除原因：同上","仅影响所列代码覆盖率统计；不替代功能正确性与全芯片动态签核","静态代码审查；在具备VCS/URG的全芯片环境复核适用边界","DOCX代码覆盖率排除项","待项目评审确认","1.3.3","来源：07_xxx_代码与功能覆盖率排除说明文档.docx；分组及同理排除引用按原文保留"
"condition","wk_lsu_ld_dc | 8）1590，排除同1，同理排除1602","srcs/xx_lsu_ld_dc.sv","wk_lsu_ld_dc","8）1590，排除同1，同理排除1602","DOCX仅列示该排除项，未另述原因","仅影响所列代码覆盖率统计；不替代功能正确性与全芯片动态签核","静态代码审查；在具备VCS/URG的全芯片环境复核适用边界","DOCX代码覆盖率排除项","待项目评审确认","1.3.3","来源：07_xxx_代码与功能覆盖率排除说明文档.docx；分组及同理排除引用按原文保留"
"condition","wk_lsu_ld_dc | 9）wk_lsu_ld_dc.sv - 1966","srcs/xx_lsu_ld_dc.sv","wk_lsu_ld_dc","9）wk_lsu_ld_dc.sv - 1966","排除原因：ldc_lda_ex2_borrow_icc是ldc_lda_ex2_borrow_icc_tag必要条件","仅影响所列代码覆盖率统计；不替代功能正确性与全芯片动态签核","静态代码审查；在具备VCS/URG的全芯片环境复核适用边界","DOCX代码覆盖率排除项","待项目评审确认","1.3.3","来源：07_xxx_代码与功能覆盖率排除说明文档.docx；分组及同理排除引用按原文保留"
"condition","wk_lsu_ld_dc | 10）1748，排除同1","srcs/xx_lsu_ld_dc.sv","wk_lsu_ld_dc","10）1748，排除同1","DOCX仅列示该排除项，未另述原因","仅影响所列代码覆盖率统计；不替代功能正确性与全芯片动态签核","静态代码审查；在具备VCS/URG的全芯片环境复核适用边界","DOCX代码覆盖率排除项","待项目评审确认","1.3.3","来源：07_xxx_代码与功能覆盖率排除说明文档.docx；分组及同理排除引用按原文保留"
"condition","wk_lsu_ld_dc | 11）wk_lsu_ld_dc.sv - 1572","srcs/xx_lsu_ld_dc.sv","wk_lsu_ld_dc","11）wk_lsu_ld_dc.sv - 1572","排除原因：ldc_ld_inst=0意味着原子操作，等到最老才进入流水线，ldc_old=1。addr1_dep_discard排除同1.","仅影响所列代码覆盖率统计；不替代功能正确性与全芯片动态签核","静态代码审查；在具备VCS/URG的全芯片环境复核适用边界","DOCX代码覆盖率排除项","待项目评审确认","1.3.3","来源：07_xxx_代码与功能覆盖率排除说明文档.docx；分组及同理排除引用按原文保留"
"condition","wk_lsu_ld_dc | 12）wk_lsu_ld_dc.sv - 2138","srcs/xx_lsu_ld_dc.sv","wk_lsu_ld_dc","12）wk_lsu_ld_dc.sv - 2138","排除原因：排除合取范式子表达式!ldc_utlb_miss单独为0，当一级页表未命中时，页表属性ldc_page_ca=0.","仅影响所列代码覆盖率统计；不替代功能正确性与全芯片动态签核","静态代码审查；在具备VCS/URG的全芯片环境复核适用边界","DOCX代码覆盖率排除项","待项目评审确认","1.3.3","来源：07_xxx_代码与功能覆盖率排除说明文档.docx；分组及同理排除引用按原文保留"
"condition","wk_lsu_ld_dc | 13）1595，排除同11","srcs/xx_lsu_ld_dc.sv","wk_lsu_ld_dc","13）1595，排除同11","DOCX仅列示该排除项，未另述原因","仅影响所列代码覆盖率统计；不替代功能正确性与全芯片动态签核","静态代码审查；在具备VCS/URG的全芯片环境复核适用边界","DOCX代码覆盖率排除项","待项目评审确认","1.3.3","来源：07_xxx_代码与功能覆盖率排除说明文档.docx；分组及同理排除引用按原文保留"
"condition","wk_lsu_ld_dc | 14）1835，排除同1","srcs/xx_lsu_ld_dc.sv","wk_lsu_ld_dc","14）1835，排除同1","DOCX仅列示该排除项，未另述原因","仅影响所列代码覆盖率统计；不替代功能正确性与全芯片动态签核","静态代码审查；在具备VCS/URG的全芯片环境复核适用边界","DOCX代码覆盖率排除项","待项目评审确认","1.3.3","来源：07_xxx_代码与功能覆盖率排除说明文档.docx；分组及同理排除引用按原文保留"
"condition","wk_lsu_ld_dc | 15）wk_lsu_ld_dc.sv - 1544","srcs/xx_lsu_ld_dc.sv","wk_lsu_ld_dc","15）wk_lsu_ld_dc.sv - 1544","排除原因：加载请求要么是原子请求，要么是非原子请求，无其他情况。","仅影响所列代码覆盖率统计；不替代功能正确性与全芯片动态签核","静态代码审查；在具备VCS/URG的全芯片环境复核适用边界","DOCX代码覆盖率排除项","待项目评审确认","1.3.3","来源：07_xxx_代码与功能覆盖率排除说明文档.docx；分组及同理排除引用按原文保留"
"toggle","wk_lsu_ld_dc | 1）wk_lsu_ld_dc.sv；643-ldc_lda_ex2_expt_vec，最高位tie 0，表示非外部中断；947-mmu_lsu_mmu_en，信号未使用；611-ldc_lda_ex2_ahead_predict，tie 1，复位值0；950-mmu_rot_sel，低三位tie 0；949-mmu_lsu_imme_wakeup，tie 0；946-mmu_lsu_data_req_size, tie 1；941-lsu_idu_ex2_vload_fwd_inst_vld, tie 0；774-ldg_ldc_ex1_expt_page_fault，信号未使用；699-ldc_vload_ahead_inst_vld，tie 0；662-665-ld_dc_load_inst_vld_dup1-4，信号未使用；658-660-ld_dc_load_ahead_inst_vld_dup2-4，信号未使用","srcs/xx_lsu_ld_dc.sv","wk_lsu_ld_dc","1）wk_lsu_ld_dc.sv；643-ldc_lda_ex2_expt_vec，最高位tie 0，表示非外部中断；947-mmu_lsu_mmu_en，信号未使用；611-ldc_lda_ex2_ahead_predict，tie 1，复位值0；950-mmu_rot_sel，低三位tie 0；949-mmu_lsu_imme_wakeup，tie 0；946-mmu_lsu_data_req_size, tie 1；941-lsu_idu_ex2_vload_fwd_inst_vld, tie 0；774-ldg_ldc_ex1_expt_page_fault，信号未使用；699-ldc_vload_ahead_inst_vld，tie 0；662-665-ld_dc_load_inst_vld_dup1-4，信号未使用；658-660-ld_dc_load_ahead_inst_vld_dup2-4，信号未使用","1）wk_lsu_ld_dc.sv；643-ldc_lda_ex2_expt_vec，最高位tie 0，表示非外部中断；947-mmu_lsu_mmu_en，信号未使用；611-ldc_lda_ex2_ahead_predict，tie 1，复位值0；950-mmu_rot_sel，低三位tie 0；949-mmu_lsu_imme_wakeup，tie 0；946-mmu_lsu_data_req_size, tie 1；941-lsu_idu_ex2_vload_fwd_inst_vld, tie 0；774-ldg_ldc_ex1_expt_page_fault，信号未使用；699-ldc_vload_ahead_inst_vld，tie 0；662-665-ld_dc_load_inst_vld_dup1-4，信号未使用；658-660-ld_dc_load_ahead_inst_vld_dup2-4，信号未使用","仅影响所列代码覆盖率统计；不替代功能正确性与全芯片动态签核","静态代码审查；在具备VCS/URG的全芯片环境复核适用边界","DOCX代码覆盖率排除项","待项目评审确认","1.3.4","来源：07_xxx_代码与功能覆盖率排除说明文档.docx；分组及同理排除引用按原文保留"
"line","wk_lsu_ld_da | 1）wk_lsu_ld_da.sv - 3452","srcs/xx_lsu_ld_da.sv","wk_lsu_ld_da","1）wk_lsu_ld_da.sv - 3452","排除原因：对于向量指令，element_size = vmew","仅影响所列代码覆盖率统计；不替代功能正确性与全芯片动态签核","静态代码审查；在具备VCS/URG的全芯片环境复核适用边界","DOCX代码覆盖率排除项","待项目评审确认","1.4.1","来源：07_xxx_代码与功能覆盖率排除说明文档.docx；分组及同理排除引用按原文保留"
"branch","wk_lsu_ld_da | case语句default分支。","srcs/xx_lsu_ld_da.sv","wk_lsu_ld_da","case语句default分支。","同1.4.1.","仅影响所列代码覆盖率统计；不替代功能正确性与全芯片动态签核","静态代码审查；在具备VCS/URG的全芯片环境复核适用边界","DOCX代码覆盖率排除项","待项目评审确认","1.4.2","来源：07_xxx_代码与功能覆盖率排除说明文档.docx；分组及同理排除引用按原文保留"
"condition","wk_lsu_ld_da | 1）line-4886，ld_da_cb_data_vld，不使用cachebuffer加速","srcs/xx_lsu_ld_da.sv","wk_lsu_ld_da","1）line-4886，ld_da_cb_data_vld，不使用cachebuffer加速","DOCX仅列示该排除项，未另述原因","仅影响所列代码覆盖率统计；不替代功能正确性与全芯片动态签核","静态代码审查；在具备VCS/URG的全芯片环境复核适用边界","DOCX代码覆盖率排除项","待项目评审确认","1.4.3","来源：07_xxx_代码与功能覆盖率排除说明文档.docx；分组及同理排除引用按原文保留"
"condition","wk_lsu_ld_da | 2）line-3876，ld_da_tcm_ecc_stall_gate，不支持tcm","srcs/xx_lsu_ld_da.sv","wk_lsu_ld_da","2）line-3876，ld_da_tcm_ecc_stall_gate，不支持tcm","2）line-3876，ld_da_tcm_ecc_stall_gate，不支持tcm","仅影响所列代码覆盖率统计；不替代功能正确性与全芯片动态签核","静态代码审查；在具备VCS/URG的全芯片环境复核适用边界","DOCX代码覆盖率排除项","待项目评审确认","1.4.3","来源：07_xxx_代码与功能覆盖率排除说明文档.docx；分组及同理排除引用按原文保留"
"condition","wk_lsu_ld_da | 3）line-2900，lda_merge_from_cb，排除同1","srcs/xx_lsu_ld_da.sv","wk_lsu_ld_da","3）line-2900，lda_merge_from_cb，排除同1","DOCX仅列示该排除项，未另述原因","仅影响所列代码覆盖率统计；不替代功能正确性与全芯片动态签核","静态代码审查；在具备VCS/URG的全芯片环境复核适用边界","DOCX代码覆盖率排除项","待项目评审确认","1.4.3","来源：07_xxx_代码与功能覆盖率排除说明文档.docx；分组及同理排除引用按原文保留"
"condition","wk_lsu_ld_da | 4）line-4896，排除同1","srcs/xx_lsu_ld_da.sv","wk_lsu_ld_da","4）line-4896，排除同1","DOCX仅列示该排除项，未另述原因","仅影响所列代码覆盖率统计；不替代功能正确性与全芯片动态签核","静态代码审查；在具备VCS/URG的全芯片环境复核适用边界","DOCX代码覆盖率排除项","待项目评审确认","1.4.3","来源：07_xxx_代码与功能覆盖率排除说明文档.docx；分组及同理排除引用按原文保留"
"condition","wk_lsu_ld_da | 5）line-5171，排除同1","srcs/xx_lsu_ld_da.sv","wk_lsu_ld_da","5）line-5171，排除同1","DOCX仅列示该排除项，未另述原因","仅影响所列代码覆盖率统计；不替代功能正确性与全芯片动态签核","静态代码审查；在具备VCS/URG的全芯片环境复核适用边界","DOCX代码覆盖率排除项","待项目评审确认","1.4.3","来源：07_xxx_代码与功能覆盖率排除说明文档.docx；分组及同理排除引用按原文保留"
"condition","wk_lsu_ld_da | 6）line-3859，ld_da_tcm_ecc_stall_ori，排除同2","srcs/xx_lsu_ld_da.sv","wk_lsu_ld_da","6）line-3859，ld_da_tcm_ecc_stall_ori，排除同2","DOCX仅列示该排除项，未另述原因","仅影响所列代码覆盖率统计；不替代功能正确性与全芯片动态签核","静态代码审查；在具备VCS/URG的全芯片环境复核适用边界","DOCX代码覆盖率排除项","待项目评审确认","1.4.3","来源：07_xxx_代码与功能覆盖率排除说明文档.docx；分组及同理排除引用按原文保留"
"condition","wk_lsu_ld_da | 7）line-3874，ld_da_tcm_ecc_stall，排除同2","srcs/xx_lsu_ld_da.sv","wk_lsu_ld_da","7）line-3874，ld_da_tcm_ecc_stall，排除同2","DOCX仅列示该排除项，未另述原因","仅影响所列代码覆盖率统计；不替代功能正确性与全芯片动态签核","静态代码审查；在具备VCS/URG的全芯片环境复核适用边界","DOCX代码覆盖率排除项","待项目评审确认","1.4.3","来源：07_xxx_代码与功能覆盖率排除说明文档.docx；分组及同理排除引用按原文保留"
"condition","wk_lsu_ld_da | 8）line-5244，lda_idu_ex3_fwd_vreg_vld，不支持vreg前递","srcs/xx_lsu_ld_da.sv","wk_lsu_ld_da","8）line-5244，lda_idu_ex3_fwd_vreg_vld，不支持vreg前递","8）line-5244，lda_idu_ex3_fwd_vreg_vld，不支持vreg前递","仅影响所列代码覆盖率统计；不替代功能正确性与全芯片动态签核","静态代码审查；在具备VCS/URG的全芯片环境复核适用边界","DOCX代码覆盖率排除项","待项目评审确认","1.4.3","来源：07_xxx_代码与功能覆盖率排除说明文档.docx；分组及同理排除引用按原文保留"
"condition","wk_lsu_ld_da | 9）line-3830，排除同2","srcs/xx_lsu_ld_da.sv","wk_lsu_ld_da","9）line-3830，排除同2","DOCX仅列示该排除项，未另述原因","仅影响所列代码覆盖率统计；不替代功能正确性与全芯片动态签核","静态代码审查；在具备VCS/URG的全芯片环境复核适用边界","DOCX代码覆盖率排除项","待项目评审确认","1.4.3","来源：07_xxx_代码与功能覆盖率排除说明文档.docx；分组及同理排除引用按原文保留"
"condition","wk_lsu_ld_da | 10）5162","srcs/xx_lsu_ld_da.sv","wk_lsu_ld_da","10）5162","排除原因：ldamo（amo指令拆分操作）请求不会出现字节有效位=0，或者不支持向量原子操作。","仅影响所列代码覆盖率统计；不替代功能正确性与全芯片动态签核","静态代码审查；在具备VCS/URG的全芯片环境复核适用边界","DOCX代码覆盖率排除项","待项目评审确认","1.4.3","来源：07_xxx_代码与功能覆盖率排除说明文档.docx；分组及同理排除引用按原文保留"
"condition","wk_lsu_ld_da | 11）line-3207，lda_merge_from_cb，排除同1","srcs/xx_lsu_ld_da.sv","wk_lsu_ld_da","11）line-3207，lda_merge_from_cb，排除同1","DOCX仅列示该排除项，未另述原因","仅影响所列代码覆盖率统计；不替代功能正确性与全芯片动态签核","静态代码审查；在具备VCS/URG的全芯片环境复核适用边界","DOCX代码覆盖率排除项","待项目评审确认","1.4.3","来源：07_xxx_代码与功能覆盖率排除说明文档.docx；分组及同理排除引用按原文保留"
"condition","wk_lsu_ld_da | 12）3214，lda_tcm_hit，排除同2","srcs/xx_lsu_ld_da.sv","wk_lsu_ld_da","12）3214，lda_tcm_hit，排除同2","DOCX仅列示该排除项，未另述原因","仅影响所列代码覆盖率统计；不替代功能正确性与全芯片动态签核","静态代码审查；在具备VCS/URG的全芯片环境复核适用边界","DOCX代码覆盖率排除项","待项目评审确认","1.4.3","来源：07_xxx_代码与功能覆盖率排除说明文档.docx；分组及同理排除引用按原文保留"
"condition","wk_lsu_ld_da | 13）line-5171，ld_da_merge_mask，排除同2","srcs/xx_lsu_ld_da.sv","wk_lsu_ld_da","13）line-5171，ld_da_merge_mask，排除同2","DOCX仅列示该排除项，未另述原因","仅影响所列代码覆盖率统计；不替代功能正确性与全芯片动态签核","静态代码审查；在具备VCS/URG的全芯片环境复核适用边界","DOCX代码覆盖率排除项","待项目评审确认","1.4.3","来源：07_xxx_代码与功能覆盖率排除说明文档.docx；分组及同理排除引用按原文保留"
"condition","wk_lsu_ld_da | 14）wk_lsu_ld_da.sv – 4770，排除子表达式lda_borrow_mmu和lda_ecc_stall_already单独为0的条件。","srcs/xx_lsu_ld_da.sv","wk_lsu_ld_da","14）wk_lsu_ld_da.sv – 4770，排除子表达式lda_borrow_mmu和lda_ecc_stall_already单独为0的条件。","排除原因：借用流水线请求当中，只有mmu会产生ecc停顿，查看4590和4093；lda_ecc_stall_already=0排除原因：lda_ecc_stall_already是lda_ecc_stall_fatal必要条件，只有寄存发生ecc错误时，才会寄存是否发生严重错误。","仅影响所列代码覆盖率统计；不替代功能正确性与全芯片动态签核","静态代码审查；在具备VCS/URG的全芯片环境复核适用边界","DOCX代码覆盖率排除项","待项目评审确认","1.4.3","来源：07_xxx_代码与功能覆盖率排除说明文档.docx；分组及同理排除引用按原文保留"
"condition","wk_lsu_ld_da | 15）line-2772，ld_da_lr_inst，同wk_lsu_ld_ag-1482","srcs/xx_lsu_ld_da.sv","wk_lsu_ld_da","15）line-2772，ld_da_lr_inst，同wk_lsu_ld_ag-1482","DOCX仅列示该排除项，未另述原因","仅影响所列代码覆盖率统计；不替代功能正确性与全芯片动态签核","静态代码审查；在具备VCS/URG的全芯片环境复核适用边界","DOCX代码覆盖率排除项","待项目评审确认","1.4.3","来源：07_xxx_代码与功能覆盖率排除说明文档.docx；分组及同理排除引用按原文保留"
"condition","wk_lsu_ld_da | 16）wk_lsu_ld_da.sv – 2708，排除子表达式ld_da_atomic单独为0的条件","srcs/xx_lsu_ld_da.sv","wk_lsu_ld_da","16）wk_lsu_ld_da.sv – 2708，排除子表达式ld_da_atomic单独为0的条件","排除原因：该条件满足前序分支，不会进入该分支。","仅影响所列代码覆盖率统计；不替代功能正确性与全芯片动态签核","静态代码审查；在具备VCS/URG的全芯片环境复核适用边界","DOCX代码覆盖率排除项","待项目评审确认","1.4.3","来源：07_xxx_代码与功能覆盖率排除说明文档.docx；分组及同理排除引用按原文保留"
"condition","wk_lsu_ld_da | 17）wk_lsu_ld_da.sv – 1997，排除子表达式~(rtu_ck_flush & rtu_ck_flush_iid_older_than_ex3_iid)为0的条件。","srcs/xx_lsu_ld_da.sv","wk_lsu_ld_da","17）wk_lsu_ld_da.sv – 1997，排除子表达式~(rtu_ck_flush & rtu_ck_flush_iid_older_than_ex3_iid)为0的条件。","排除原因：lda_ecc_stall=1排除了rtu_ck_flush & rtu_ck_flush_iid_older_than_ex3_iid=1的条件。","仅影响所列代码覆盖率统计；不替代功能正确性与全芯片动态签核","静态代码审查；在具备VCS/URG的全芯片环境复核适用边界","DOCX代码覆盖率排除项","待项目评审确认","1.4.3","来源：07_xxx_代码与功能覆盖率排除说明文档.docx；分组及同理排除引用按原文保留"
"condition","wk_lsu_ld_da | 18）3783，排除子表达式!ld_da_rb_full_req，!ld_da_hit_idx_discard_req，!ld_da_data_discard_sq_req单独为0的条件","srcs/xx_lsu_ld_da.sv","wk_lsu_ld_da","18）3783，排除子表达式!ld_da_rb_full_req，!ld_da_hit_idx_discard_req，!ld_da_data_discard_sq_req单独为0的条件","排除原因：ld_da_rb_full_req成立必要条件是ld_da_rb_create_vld_unmask，lda_ex3_us_discard成立使得ld_da_rb_create_vld_unmask不成立。其他条件类似，d_da_hit_idx_discard_req要求rb_create/merge成立（stall_ori要求非ld_da_restart_no_cache，后者前提是非lda_ex3_us_discard），而后者要求lda_ex3_us_discard=0。ld_da_data_discard_sq_req成立前提是非unite-stride类型请求。","仅影响所列代码覆盖率统计；不替代功能正确性与全芯片动态签核","静态代码审查；在具备VCS/URG的全芯片环境复核适用边界","DOCX代码覆盖率排除项","待项目评审确认","1.4.3","来源：07_xxx_代码与功能覆盖率排除说明文档.docx；分组及同理排除引用按原文保留"
"condition","wk_lsu_ld_da | 19） 5293，排除lda_ex3_inst_vld、!ld_da_expt_vld_cancel、!ld_da_secd单独为0的条件","srcs/xx_lsu_ld_da.sv","wk_lsu_ld_da","19） 5293，排除lda_ex3_inst_vld、!ld_da_expt_vld_cancel、!ld_da_secd单独为0的条件","排除原因：上述三者成立是 lda_rb_ex3_create_vld=1的必要条件。","仅影响所列代码覆盖率统计；不替代功能正确性与全芯片动态签核","静态代码审查；在具备VCS/URG的全芯片环境复核适用边界","DOCX代码覆盖率排除项","待项目评审确认","1.4.3","来源：07_xxx_代码与功能覆盖率排除说明文档.docx；分组及同理排除引用按原文保留"
"condition","wk_lsu_ld_da | 20）wk_lsu_ld_da.sv – 3636, 合取范式排除子表达式ld_da_ld_inst=0和ld_da_boundary=0的条件。","srcs/xx_lsu_ld_da.sv","wk_lsu_ld_da","20）wk_lsu_ld_da.sv – 3636, 合取范式排除子表达式ld_da_ld_inst=0和ld_da_boundary=0的条件。","排除原因：ld_da_boundary=0是ld_da_secd=0的充分条件，ld_da_ld_inst=0是ld_da_boundary=0的充分条件（原子操作不支持跨界）。","仅影响所列代码覆盖率统计；不替代功能正确性与全芯片动态签核","静态代码审查；在具备VCS/URG的全芯片环境复核适用边界","DOCX代码覆盖率排除项","待项目评审确认","1.4.3","来源：07_xxx_代码与功能覆盖率排除说明文档.docx；分组及同理排除引用按原文保留"
"condition","wk_lsu_ld_da | 21）3776，排除子表达式!ld_da_fwd_sq_multi_req，!ld_da_discard_wmb_req单独为0的条件。","srcs/xx_lsu_ld_da.sv","wk_lsu_ld_da","21）3776，排除子表达式!ld_da_fwd_sq_multi_req，!ld_da_discard_wmb_req单独为0的条件。","排除原因：上述条件成立是ld_da_rb_full_req=1必要条件，详见ld_da_discard_dc_req（3694）。ld_da_rb_full_req必要条件是create_vld, 其必要条件是create_vld_unmask，其必要条件是ld_da_discard_dc_req，其必要条件就是上述2个条件。","仅影响所列代码覆盖率统计；不替代功能正确性与全芯片动态签核","静态代码审查；在具备VCS/URG的全芯片环境复核适用边界","DOCX代码覆盖率排除项","待项目评审确认","1.4.3","来源：07_xxx_代码与功能覆盖率排除说明文档.docx；分组及同理排除引用按原文保留"
"condition","wk_lsu_ld_da | 22）3551，排除同2","srcs/xx_lsu_ld_da.sv","wk_lsu_ld_da","22）3551，排除同2","DOCX仅列示该排除项，未另述原因","仅影响所列代码覆盖率统计；不替代功能正确性与全芯片动态签核","静态代码审查；在具备VCS/URG的全芯片环境复核适用边界","DOCX代码覆盖率排除项","待项目评审确认","1.4.3","来源：07_xxx_代码与功能覆盖率排除说明文档.docx；分组及同理排除引用按原文保留"
"condition","wk_lsu_ld_da | 23）4696，排除同2","srcs/xx_lsu_ld_da.sv","wk_lsu_ld_da","23）4696，排除同2","DOCX仅列示该排除项，未另述原因","仅影响所列代码覆盖率统计；不替代功能正确性与全芯片动态签核","静态代码审查；在具备VCS/URG的全芯片环境复核适用边界","DOCX代码覆盖率排除项","待项目评审确认","1.4.3","来源：07_xxx_代码与功能覆盖率排除说明文档.docx；分组及同理排除引用按原文保留"
"condition","wk_lsu_ld_da | 24）2112，排除子表达式!rtu_lsu_flush_fe单独为0的条件","srcs/xx_lsu_ld_da.sv","wk_lsu_ld_da","24）2112，排除子表达式!rtu_lsu_flush_fe单独为0的条件","排除原因：当rtu_lsu_flush_fe=1时，lda_ecc_stall=0。","仅影响所列代码覆盖率统计；不替代功能正确性与全芯片动态签核","静态代码审查；在具备VCS/URG的全芯片环境复核适用边界","DOCX代码覆盖率排除项","待项目评审确认","1.4.3","来源：07_xxx_代码与功能覆盖率排除说明文档.docx；分组及同理排除引用按原文保留"
"condition","wk_lsu_ld_da | 25）5399，排除合取范式子表达式lda_ex3_inst_vld单独为0的条件。","srcs/xx_lsu_ld_da.sv","wk_lsu_ld_da","25）5399，排除合取范式子表达式lda_ex3_inst_vld单独为0的条件。","排除原因：lda_ex3_inst_vld=0是ld_da_data_discard_sq_req=0的充分条件。","仅影响所列代码覆盖率统计；不替代功能正确性与全芯片动态签核","静态代码审查；在具备VCS/URG的全芯片环境复核适用边界","DOCX代码覆盖率排除项","待项目评审确认","1.4.3","来源：07_xxx_代码与功能覆盖率排除说明文档.docx；分组及同理排除引用按原文保留"
"condition","wk_lsu_ld_da | 26）4695，排除同2，同理排除4714","srcs/xx_lsu_ld_da.sv","wk_lsu_ld_da","26）4695，排除同2，同理排除4714","DOCX仅列示该排除项，未另述原因","仅影响所列代码覆盖率统计；不替代功能正确性与全芯片动态签核","静态代码审查；在具备VCS/URG的全芯片环境复核适用边界","DOCX代码覆盖率排除项","待项目评审确认","1.4.3","来源：07_xxx_代码与功能覆盖率排除说明文档.docx；分组及同理排除引用按原文保留"
"condition","wk_lsu_ld_da | 27）5218，排除!sq_fwd_ecc_discard单独为0的条件，该信号tie 0","srcs/xx_lsu_ld_da.sv","wk_lsu_ld_da","27）5218，排除!sq_fwd_ecc_discard单独为0的条件，该信号tie 0","27）5218，排除!sq_fwd_ecc_discard单独为0的条件，该信号tie 0","仅影响所列代码覆盖率统计；不替代功能正确性与全芯片动态签核","静态代码审查；在具备VCS/URG的全芯片环境复核适用边界","DOCX代码覆盖率排除项","待项目评审确认","1.4.3","来源：07_xxx_代码与功能覆盖率排除说明文档.docx；分组及同理排除引用按原文保留"
"condition","wk_lsu_ld_da | 28）5361，no-spec-prediction有idu-lsu完成，不再由ifu打no-spec标签，该信号未使用","srcs/xx_lsu_ld_da.sv","wk_lsu_ld_da","28）5361，no-spec-prediction有idu-lsu完成，不再由ifu打no-spec标签，该信号未使用","28）5361，no-spec-prediction有idu-lsu完成，不再由ifu打no-spec标签，该信号未使用","仅影响所列代码覆盖率统计；不替代功能正确性与全芯片动态签核","静态代码审查；在具备VCS/URG的全芯片环境复核适用边界","DOCX代码覆盖率排除项","待项目评审确认","1.4.3","来源：07_xxx_代码与功能覆盖率排除说明文档.docx；分组及同理排除引用按原文保留"
"condition","wk_lsu_ld_da | 29）4776，排除子表达式lda_ecc_stall_already单独为0的条件。","srcs/xx_lsu_ld_da.sv","wk_lsu_ld_da","29）4776，排除子表达式lda_ecc_stall_already单独为0的条件。","排除原因：lda_ecc_stall_already是lda_ecc_stall_fatal必要条件，只有寄存发生ecc错误时，才会寄存是否发生严重错误。","仅影响所列代码覆盖率统计；不替代功能正确性与全芯片动态签核","静态代码审查；在具备VCS/URG的全芯片环境复核适用边界","DOCX代码覆盖率排除项","待项目评审确认","1.4.3","来源：07_xxx_代码与功能覆盖率排除说明文档.docx；分组及同理排除引用按原文保留"
"condition","wk_lsu_ld_da | 30）5176，排除同1","srcs/xx_lsu_ld_da.sv","wk_lsu_ld_da","30）5176，排除同1","DOCX仅列示该排除项，未另述原因","仅影响所列代码覆盖率统计；不替代功能正确性与全芯片动态签核","静态代码审查；在具备VCS/URG的全芯片环境复核适用边界","DOCX代码覆盖率排除项","待项目评审确认","1.4.3","来源：07_xxx_代码与功能覆盖率排除说明文档.docx；分组及同理排除引用按原文保留"
"condition","wk_lsu_ld_da | 31）5197，排除同27","srcs/xx_lsu_ld_da.sv","wk_lsu_ld_da","31）5197，排除同27","DOCX仅列示该排除项，未另述原因","仅影响所列代码覆盖率统计；不替代功能正确性与全芯片动态签核","静态代码审查；在具备VCS/URG的全芯片环境复核适用边界","DOCX代码覆盖率排除项","待项目评审确认","1.4.3","来源：07_xxx_代码与功能覆盖率排除说明文档.docx；分组及同理排除引用按原文保留"
"condition","wk_lsu_ld_da | 32）3614，fwd_ecc_discard排除同27，ld_da_ld_inst和ld_da_boundary排除同20","srcs/xx_lsu_ld_da.sv","wk_lsu_ld_da","32）3614，fwd_ecc_discard排除同27，ld_da_ld_inst和ld_da_boundary排除同20","DOCX仅列示该排除项，未另述原因","仅影响所列代码覆盖率统计；不替代功能正确性与全芯片动态签核","静态代码审查；在具备VCS/URG的全芯片环境复核适用边界","DOCX代码覆盖率排除项","待项目评审确认","1.4.3","来源：07_xxx_代码与功能覆盖率排除说明文档.docx；分组及同理排除引用按原文保留"
"condition","wk_lsu_ld_da | 33）3722，排除同1","srcs/xx_lsu_ld_da.sv","wk_lsu_ld_da","33）3722，排除同1","DOCX仅列示该排除项，未另述原因","仅影响所列代码覆盖率统计；不替代功能正确性与全芯片动态签核","静态代码审查；在具备VCS/URG的全芯片环境复核适用边界","DOCX代码覆盖率排除项","待项目评审确认","1.4.3","来源：07_xxx_代码与功能覆盖率排除说明文档.docx；分组及同理排除引用按原文保留"
"condition","wk_lsu_ld_da | 34）4969，排除同27","srcs/xx_lsu_ld_da.sv","wk_lsu_ld_da","34）4969，排除同27","DOCX仅列示该排除项，未另述原因","仅影响所列代码覆盖率统计；不替代功能正确性与全芯片动态签核","静态代码审查；在具备VCS/URG的全芯片环境复核适用边界","DOCX代码覆盖率排除项","待项目评审确认","1.4.3","来源：07_xxx_代码与功能覆盖率排除说明文档.docx；分组及同理排除引用按原文保留"
"condition","wk_lsu_ld_da | 35）5394，排除子表达式lda_ex3_inst_vld单独为0的条件。","srcs/xx_lsu_ld_da.sv","wk_lsu_ld_da","35）5394，排除子表达式lda_ex3_inst_vld单独为0的条件。","排除原因：同25","仅影响所列代码覆盖率统计；不替代功能正确性与全芯片动态签核","静态代码审查；在具备VCS/URG的全芯片环境复核适用边界","DOCX代码覆盖率排除项","待项目评审确认","1.4.3","来源：07_xxx_代码与功能覆盖率排除说明文档.docx；分组及同理排除引用按原文保留"
"condition","wk_lsu_ld_da | 36）4855，排除子表达式lda_ex3_inst_vld | lda_mcic_ex3_borrow_mmu单独为0的条件。","srcs/xx_lsu_ld_da.sv","wk_lsu_ld_da","36）4855，排除子表达式lda_ex3_inst_vld | lda_mcic_ex3_borrow_mmu单独为0的条件。","排除原因：只有ex3栈有效或者mmu借用流水线，才会寄存ecc停顿。","仅影响所列代码覆盖率统计；不替代功能正确性与全芯片动态签核","静态代码审查；在具备VCS/URG的全芯片环境复核适用边界","DOCX代码覆盖率排除项","待项目评审确认","1.4.3","来源：07_xxx_代码与功能覆盖率排除说明文档.docx；分组及同理排除引用按原文保留"
"condition","wk_lsu_ld_da | 37）3286，排除同2","srcs/xx_lsu_ld_da.sv","wk_lsu_ld_da","37）3286，排除同2","DOCX仅列示该排除项，未另述原因","仅影响所列代码覆盖率统计；不替代功能正确性与全芯片动态签核","静态代码审查；在具备VCS/URG的全芯片环境复核适用边界","DOCX代码覆盖率排除项","待项目评审确认","1.4.3","来源：07_xxx_代码与功能覆盖率排除说明文档.docx；分组及同理排除引用按原文保留"
"condition","wk_lsu_ld_da | 38）4728，排除同2、36","srcs/xx_lsu_ld_da.sv","wk_lsu_ld_da","38）4728，排除同2、36","DOCX仅列示该排除项，未另述原因","仅影响所列代码覆盖率统计；不替代功能正确性与全芯片动态签核","静态代码审查；在具备VCS/URG的全芯片环境复核适用边界","DOCX代码覆盖率排除项","待项目评审确认","1.4.3","来源：07_xxx_代码与功能覆盖率排除说明文档.docx；分组及同理排除引用按原文保留"
"condition","wk_lsu_ld_da | 39）5184，排除vreg不前递","srcs/xx_lsu_ld_da.sv","wk_lsu_ld_da","39）5184，排除vreg不前递","DOCX仅列示该排除项，未另述原因","仅影响所列代码覆盖率统计；不替代功能正确性与全芯片动态签核","静态代码审查；在具备VCS/URG的全芯片环境复核适用边界","DOCX代码覆盖率排除项","待项目评审确认","1.4.3","来源：07_xxx_代码与功能覆盖率排除说明文档.docx；分组及同理排除引用按原文保留"
"condition","wk_lsu_ld_da | 40）4860，排除子表达式lda_ecc_stall_already和(lda_ex3_inst_vld || lda_mcic_ex3_borrow_mmu)单独为0的条件。","srcs/xx_lsu_ld_da.sv","wk_lsu_ld_da","40）4860，排除子表达式lda_ecc_stall_already和(lda_ex3_inst_vld || lda_mcic_ex3_borrow_mmu)单独为0的条件。","排除原因：lda_ecc_stall_already单独为0排除原因同前；lda_ex3_inst_vld || lda_mcic_ex3_borrow_mmu单独为0 排除原因同36。","仅影响所列代码覆盖率统计；不替代功能正确性与全芯片动态签核","静态代码审查；在具备VCS/URG的全芯片环境复核适用边界","DOCX代码覆盖率排除项","待项目评审确认","1.4.3","来源：07_xxx_代码与功能覆盖率排除说明文档.docx；分组及同理排除引用按原文保留"
"condition","wk_lsu_ld_da | 41）4951，排除同2，同理排除5017、4841","srcs/xx_lsu_ld_da.sv","wk_lsu_ld_da","41）4951，排除同2，同理排除5017、4841","DOCX仅列示该排除项，未另述原因","仅影响所列代码覆盖率统计；不替代功能正确性与全芯片动态签核","静态代码审查；在具备VCS/URG的全芯片环境复核适用边界","DOCX代码覆盖率排除项","待项目评审确认","1.4.3","来源：07_xxx_代码与功能覆盖率排除说明文档.docx；分组及同理排除引用按原文保留"
"condition","wk_lsu_ld_da | 42）3525，排除同前27、2、10","srcs/xx_lsu_ld_da.sv","wk_lsu_ld_da","42）3525，排除同前27、2、10","DOCX仅列示该排除项，未另述原因","仅影响所列代码覆盖率统计；不替代功能正确性与全芯片动态签核","静态代码审查；在具备VCS/URG的全芯片环境复核适用边界","DOCX代码覆盖率排除项","待项目评审确认","1.4.3","来源：07_xxx_代码与功能覆盖率排除说明文档.docx；分组及同理排除引用按原文保留"
"condition","wk_lsu_ld_da | 53）4987，排除同27","srcs/xx_lsu_ld_da.sv","wk_lsu_ld_da","53）4987，排除同27","DOCX仅列示该排除项，未另述原因","仅影响所列代码覆盖率统计；不替代功能正确性与全芯片动态签核","静态代码审查；在具备VCS/URG的全芯片环境复核适用边界","DOCX代码覆盖率排除项","待项目评审确认","1.4.3","来源：07_xxx_代码与功能覆盖率排除说明文档.docx；分组及同理排除引用按原文保留"
"condition","wk_lsu_ld_da | 54）4697，排除合取范式子表达式!lda_tag_ecc_stall_ori单独为0的条件。","srcs/xx_lsu_ld_da.sv","wk_lsu_ld_da","54）4697，排除合取范式子表达式!lda_tag_ecc_stall_ori单独为0的条件。","排除原因：如果同时发生data和tag校验错误，第一拍产生tag校验停顿，第二拍产生data校验停顿。data的ecc错误条件前提是非tag的ecc错误","仅影响所列代码覆盖率统计；不替代功能正确性与全芯片动态签核","静态代码审查；在具备VCS/URG的全芯片环境复核适用边界","DOCX代码覆盖率排除项","待项目评审确认","1.4.3","来源：07_xxx_代码与功能覆盖率排除说明文档.docx；分组及同理排除引用按原文保留"
"condition","wk_lsu_ld_da | 55）4590，排除子表达式!ld_da_ecc_stall_tag_fatal为0的条件。","srcs/xx_lsu_ld_da.sv","wk_lsu_ld_da","55）4590，排除子表达式!ld_da_ecc_stall_tag_fatal为0的条件。","排除原因：如果发生tag严重错误，则命中路信息为0（详见ld_da_ecc_hit_way0/1/2/3），从而导致ld_da_data128_ecc_vld=0。","仅影响所列代码覆盖率统计；不替代功能正确性与全芯片动态签核","静态代码审查；在具备VCS/URG的全芯片环境复核适用边界","DOCX代码覆盖率排除项","待项目评审确认","1.4.3","来源：07_xxx_代码与功能覆盖率排除说明文档.docx；分组及同理排除引用按原文保留"
"condition","wk_lsu_ld_da | 56）5003，排除同2","srcs/xx_lsu_ld_da.sv","wk_lsu_ld_da","56）5003，排除同2","DOCX仅列示该排除项，未另述原因","仅影响所列代码覆盖率统计；不替代功能正确性与全芯片动态签核","静态代码审查；在具备VCS/URG的全芯片环境复核适用边界","DOCX代码覆盖率排除项","待项目评审确认","1.4.3","来源：07_xxx_代码与功能覆盖率排除说明文档.docx；分组及同理排除引用按原文保留"
"toggle","wk_lsu_ld_da | 1）wk_lsu_ld_da.sv，信号tie固定值；801-ld_da_ahead_predict，复位值0，tie 1；1059-ecc_info_ramid，高2位tie 2’b01；1324/1327-ld_da_hit_high_ecc/ld_da_hit_low_ecc，未使用信号；1485-ldc_lda_ex2_ahead_vreg_wb_vld，tie 0；1698-ldc_lda_ex2_ahead_vreg_wb_vld_ff，tie 0","srcs/xx_lsu_ld_da.sv","wk_lsu_ld_da","1）wk_lsu_ld_da.sv，信号tie固定值；801-ld_da_ahead_predict，复位值0，tie 1；1059-ecc_info_ramid，高2位tie 2’b01；1324/1327-ld_da_hit_high_ecc/ld_da_hit_low_ecc，未使用信号；1485-ldc_lda_ex2_ahead_vreg_wb_vld，tie 0；1698-ldc_lda_ex2_ahead_vreg_wb_vld_ff，tie 0","1）wk_lsu_ld_da.sv，信号tie固定值；801-ld_da_ahead_predict，复位值0，tie 1；1059-ecc_info_ramid，高2位tie 2’b01；1324/1327-ld_da_hit_high_ecc/ld_da_hit_low_ecc，未使用信号；1485-ldc_lda_ex2_ahead_vreg_wb_vld，tie 0；1698-ldc_lda_ex2_ahead_vreg_wb_vld_ff，tie 0","仅影响所列代码覆盖率统计；不替代功能正确性与全芯片动态签核","静态代码审查；在具备VCS/URG的全芯片环境复核适用边界","DOCX代码覆盖率排除项","待项目评审确认","1.4.4","来源：07_xxx_代码与功能覆盖率排除说明文档.docx；分组及同理排除引用按原文保留"
"line","wk_lsu_ld_wb | 1）wk_lsu_ld_wb.sv – 1442-1484","srcs/xx_lsu_ld_wb.sv","wk_lsu_ld_wb","1）wk_lsu_ld_wb.sv – 1442-1484","排除原因：同1.4.1","仅影响所列代码覆盖率统计；不替代功能正确性与全芯片动态签核","静态代码审查；在具备VCS/URG的全芯片环境复核适用边界","DOCX代码覆盖率排除项","待项目评审确认","1.5.1","来源：07_xxx_代码与功能覆盖率排除说明文档.docx；分组及同理排除引用按原文保留"
"branch","wk_lsu_ld_wb | 同1.5.1.","srcs/xx_lsu_ld_wb.sv","wk_lsu_ld_wb","同1.5.1.","DOCX仅列示该排除项，未另述原因","仅影响所列代码覆盖率统计；不替代功能正确性与全芯片动态签核","静态代码审查；在具备VCS/URG的全芯片环境复核适用边界","DOCX代码覆盖率排除项","待项目评审确认","1.5.2","来源：07_xxx_代码与功能覆盖率排除说明文档.docx；分组及同理排除引用按原文保留"
"condition","wk_lsu_ld_wb | 1）806，排除子表达式! lda_lwb_ex3_data_req_dp、! wmb_lwb_data_req、! vmb_lwb_data_req单独为0的条件。","srcs/xx_lsu_ld_wb.sv","wk_lsu_ld_wb","1）806，排除子表达式! lda_lwb_ex3_data_req_dp、! wmb_lwb_data_req、! vmb_lwb_data_req单独为0的条件。","排除原因：通过仲裁逻辑，rb_lwb_ex3_data_req优先级最低，其有效意味着前三者个数据通道无请求。同理排除803、751、799、","仅影响所列代码覆盖率统计；不替代功能正确性与全芯片动态签核","静态代码审查；在具备VCS/URG的全芯片环境复核适用边界","DOCX代码覆盖率排除项","待项目评审确认","1.5.3","来源：07_xxx_代码与功能覆盖率排除说明文档.docx；分组及同理排除引用按原文保留"
"condition","wk_lsu_ld_wb | 2）wk_lsu_ld_wb.sv – 1631，排除子表达式lwb_ex4_data_vld单独为0的条件。","srcs/xx_lsu_ld_wb.sv","wk_lsu_ld_wb","2）wk_lsu_ld_wb.sv – 1631，排除子表达式lwb_ex4_data_vld单独为0的条件。","排除原因：ex4栈没有数据请求时，总线错误信号置0，详见1300。","仅影响所列代码覆盖率统计；不替代功能正确性与全芯片动态签核","静态代码审查；在具备VCS/URG的全芯片环境复核适用边界","DOCX代码覆盖率排除项","待项目评审确认","1.5.3","来源：07_xxx_代码与功能覆盖率排除说明文档.docx；分组及同理排除引用按原文保留"
"condition","wk_lsu_ld_wb | 3）wk_lsu_ld_wb.sv – 1634，排除子表达式lwb_ex4_data_vld单独为0的条件。","srcs/xx_lsu_ld_wb.sv","wk_lsu_ld_wb","3）wk_lsu_ld_wb.sv – 1634，排除子表达式lwb_ex4_data_vld单独为0的条件。","排除原因：同上。","仅影响所列代码覆盖率统计；不替代功能正确性与全芯片动态签核","静态代码审查；在具备VCS/URG的全芯片环境复核适用边界","DOCX代码覆盖率排除项","待项目评审确认","1.5.3","来源：07_xxx_代码与功能覆盖率排除说明文档.docx；分组及同理排除引用按原文保留"
"condition","wk_lsu_ld_wb | 4）1088，信号tie 0，wmb通道只有sc指令存在写回，属标量","srcs/xx_lsu_ld_wb.sv","wk_lsu_ld_wb","4）1088，信号tie 0，wmb通道只有sc指令存在写回，属标量","4）1088，信号tie 0，wmb通道只有sc指令存在写回，属标量","仅影响所列代码覆盖率统计；不替代功能正确性与全芯片动态签核","静态代码审查；在具备VCS/URG的全芯片环境复核适用边界","DOCX代码覆盖率排除项","待项目评审确认","1.5.3","来源：07_xxx_代码与功能覆盖率排除说明文档.docx；分组及同理排除引用按原文保留"
"condition","wk_lsu_ld_wb | 5）811，排除同1","srcs/xx_lsu_ld_wb.sv","wk_lsu_ld_wb","5）811，排除同1","DOCX仅列示该排除项，未另述原因","仅影响所列代码覆盖率统计；不替代功能正确性与全芯片动态签核","静态代码审查；在具备VCS/URG的全芯片环境复核适用边界","DOCX代码覆盖率排除项","待项目评审确认","1.5.3","来源：07_xxx_代码与功能覆盖率排除说明文档.docx；分组及同理排除引用按原文保留"
"condition","wk_lsu_ld_wb | 6）1066，排除同4","srcs/xx_lsu_ld_wb.sv","wk_lsu_ld_wb","6）1066，排除同4","DOCX仅列示该排除项，未另述原因","仅影响所列代码覆盖率统计；不替代功能正确性与全芯片动态签核","静态代码审查；在具备VCS/URG的全芯片环境复核适用边界","DOCX代码覆盖率排除项","待项目评审确认","1.5.3","来源：07_xxx_代码与功能覆盖率排除说明文档.docx；分组及同理排除引用按原文保留"
"toggle","wk_lsu_ld_wb | 1）wk_lsu_ld_wb.sv；719-ld_wb_rb_data_ptr，最高位，原因：对应项用于mcic，不存在写回寄存器。同理，排除698-rb_ld_wb_data_ptr, 731-ld_wb_pre_rb_data_ptr。；506-ld_wb_pre_expt_vec，最高位，原因：最高位对应中断，内部异常无法覆盖。同理排除462-lda_lwb_ex3_expt_vec，578-lsu_rtu_ex4_expt_vec, 395-ld_wb_expt_vec。；531-ld_wb_pre_vreg_sign_sel[12:1]，排除原因同1.4.1，同理排除417-ld_wb_vreg_sign_sel, 471-lda_lwb_ex3_vreg_sign_sel, 631-rb_lwb_ex3_vreg_sign_sel,；669-wmb_ld_wb_vreg_expand，排除原因：wmb不存在写回向量寄存器，同理排除wmb_lwb_inst_vfls, wmb_lwb_inst_vls, wmb_lwb_preg_sign_sel, wmb_lwb_vmb_merge_vld, wmb_lwb_vreg, wmb_lwb_vreg_sign_sel.；637-vmb_lwb_inst_vfls, vmb_lwb_inst_vls, vmb_lwb_vmb_merge_vld, vmb_lwb_vreg_sign_sel，tie固定值","srcs/xx_lsu_ld_wb.sv","wk_lsu_ld_wb","1）wk_lsu_ld_wb.sv；719-ld_wb_rb_data_ptr，最高位，原因：对应项用于mcic，不存在写回寄存器。同理，排除698-rb_ld_wb_data_ptr, 731-ld_wb_pre_rb_data_ptr。；506-ld_wb_pre_expt_vec，最高位，原因：最高位对应中断，内部异常无法覆盖。同理排除462-lda_lwb_ex3_expt_vec，578-lsu_rtu_ex4_expt_vec, 395-ld_wb_expt_vec。；531-ld_wb_pre_vreg_sign_sel[12:1]，排除原因同1.4.1，同理排除417-ld_wb_vreg_sign_sel, 471-lda_lwb_ex3_vreg_sign_sel, 631-rb_lwb_ex3_vreg_sign_sel,；669-wmb_ld_wb_vreg_expand，排除原因：wmb不存在写回向量寄存器，同理排除wmb_lwb_inst_vfls, wmb_lwb_inst_vls, wmb_lwb_preg_sign_sel, wmb_lwb_vmb_merge_vld, wmb_lwb_vreg, wmb_lwb_vreg_sign_sel.；637-vmb_lwb_inst_vfls, vmb_lwb_inst_vls, vmb_lwb_vmb_merge_vld, vmb_lwb_vreg_sign_sel，tie固定值","1）wk_lsu_ld_wb.sv；719-ld_wb_rb_data_ptr，最高位，原因：对应项用于mcic，不存在写回寄存器。同理，排除698-rb_ld_wb_data_ptr, 731-ld_wb_pre_rb_data_ptr。；506-ld_wb_pre_expt_vec，最高位，原因：最高位对应中断，内部异常无法覆盖。同理排除462-lda_lwb_ex3_expt_vec，578-lsu_rtu_ex4_expt_vec, 395-ld_wb_expt_vec。；531-ld_wb_pre_vreg_sign_sel[12:1]，排除原因同1.4.1，同理排除417-ld_wb_vreg_sign_sel, 471-lda_lwb_ex3_vreg_sign_sel, 631-rb_lwb_ex3_vreg_sign_sel,；669-wmb_ld_wb_vreg_expand，排除原因：wmb不存在写回向量寄存器，同理排除wmb_lwb_inst_vfls, wmb_lwb_inst_vls, wmb_lwb_preg_sign_sel, wmb_lwb_vmb_merge_vld, wmb_lwb_vreg, wmb_lwb_vreg_sign_sel.；637-vmb_lwb_inst_vfls, vmb_lwb_inst_vls, vmb_lwb_vmb_merge_vld, vmb_lwb_vreg_sign_sel，tie固定值","仅影响所列代码覆盖率统计；不替代功能正确性与全芯片动态签核","静态代码审查；在具备VCS/URG的全芯片环境复核适用边界","DOCX代码覆盖率排除项","待项目评审确认","1.5.4","来源：07_xxx_代码与功能覆盖率排除说明文档.docx；分组及同理排除引用按原文保留"
"line","wk_lsu_lfb | case语句default分支-1138","srcs/xx_lsu_lfb.sv","wk_lsu_lfb","case语句default分支-1138","DOCX仅列示该排除项，未另述原因","仅影响所列代码覆盖率统计；不替代功能正确性与全芯片动态签核","静态代码审查；在具备VCS/URG的全芯片环境复核适用边界","DOCX代码覆盖率排除项","待项目评审确认","1.6.1","来源：07_xxx_代码与功能覆盖率排除说明文档.docx；分组及同理排除引用按原文保留"
"branch","wk_lsu_lfb | 同1.6.1","srcs/xx_lsu_lfb.sv","wk_lsu_lfb","同1.6.1","DOCX仅列示该排除项，未另述原因","仅影响所列代码覆盖率统计；不替代功能正确性与全芯片动态签核","静态代码审查；在具备VCS/URG的全芯片环境复核适用边界","DOCX代码覆盖率排除项","待项目评审确认","1.6.2","来源：07_xxx_代码与功能覆盖率排除说明文档.docx；分组及同理排除引用按原文保留"
"condition","wk_lsu_lfb | 1）wk_lsu_lfb.sv – 1472，排除子表达式lfb_lf_sm_vld单独为0的条件。","srcs/xx_lsu_lfb.sv","wk_lsu_lfb","1）wk_lsu_lfb.sv – 1472，排除子表达式lfb_lf_sm_vld单独为0的条件。","DOCX仅列示该排除项，未另述原因","仅影响所列代码覆盖率统计；不替代功能正确性与全芯片动态签核","静态代码审查；在具备VCS/URG的全芯片环境复核适用边界","DOCX代码覆盖率排除项","待项目评审确认","1.6.3","来源：07_xxx_代码与功能覆盖率排除说明文档.docx；分组及同理排除引用按原文保留"
"condition","wk_lsu_lfb | 2）wk_lsu_lfb.sv – 842，排除子表达式lfb_pfu_create_grnt单独为0的条件。","srcs/xx_lsu_lfb.sv","wk_lsu_lfb","2）wk_lsu_lfb.sv – 842，排除子表达式lfb_pfu_create_grnt单独为0的条件。","排除原因：pfu_lfb_create_vld逻辑中，pfu_lfb_create_req是pfu_lfb_create_vld必要条件，bus_arb_pfu_ar_sel是bus_arb_pfu_ar_ready必要条件。因此lfb_pfu_create_grnt是pfu_lfb_create_vld必要条件。","仅影响所列代码覆盖率统计；不替代功能正确性与全芯片动态签核","静态代码审查；在具备VCS/URG的全芯片环境复核适用边界","DOCX代码覆盖率排除项","待项目评审确认","1.6.3","来源：07_xxx_代码与功能覆盖率排除说明文档.docx；分组及同理排除引用按原文保留"
"condition","wk_lsu_lfb | 3）wk_lsu_lfb.sv – 840：排除子表达式lfb_rb_create_grnt单独为0的条件；841：排除子表达式rb_lfb_create_dp_vld单独为0的条件。","srcs/xx_lsu_lfb.sv","wk_lsu_lfb","3）wk_lsu_lfb.sv – 840：排除子表达式lfb_rb_create_grnt单独为0的条件；841：排除子表达式rb_lfb_create_dp_vld单独为0的条件。","排除原因：840-lfb_rb_create_grnt是rb_lfb_create_vld必要条件，rb_lfb_create_vld除了覆盖lfb_rb_create_grnt条件之外，还要求biu总线ar通道就绪。；841-rb_lfb_create_dp_vld是lfb_rb_create_grnt必要条件，lfb_rb_create_grnt除了覆盖rb_lfb_create_dp_vld条件之外，还要求rb在发起AR总线请求并且获得仲裁。","仅影响所列代码覆盖率统计；不替代功能正确性与全芯片动态签核","静态代码审查；在具备VCS/URG的全芯片环境复核适用边界","DOCX代码覆盖率排除项","待项目评审确认","1.6.3","来源：07_xxx_代码与功能覆盖率排除说明文档.docx；分组及同理排除引用按原文保留"
"condition","wk_lsu_lfb | 4）wk_lsu_lfb.sv – 1736，排除子表达式lfb_data_empty单独为0的条件。","srcs/xx_lsu_lfb.sv","wk_lsu_lfb","4）wk_lsu_lfb.sv – 1736，排除子表达式lfb_data_empty单独为0的条件。","排除原因：收到回填数据总是由回填请求发出去的（lfb_addr_empty），地址项和数据项总是同时置0，条件是要么abort，要么在回填的第二拍。；排除原因：lfb_lf_sm_vld=1是lfb_lf_sm_cnt=1必要条件。","仅影响所列代码覆盖率统计；不替代功能正确性与全芯片动态签核","静态代码审查；在具备VCS/URG的全芯片环境复核适用边界","DOCX代码覆盖率排除项","待项目评审确认","1.6.3","来源：07_xxx_代码与功能覆盖率排除说明文档.docx；分组及同理排除引用按原文保留"
"toggle","wk_lsu_lfb | 1）wk_lsu_lfb.sv；292-lfb_addr_entry_pf_late_st，必要条件st_da_cache_miss tie 0；347-lfb_entry_page_so，同wk_lsu_ctr-116，lfb_pend_page_so_f，同理排除148-lfb_pend_page_so_f；352- lfb_lf_sm_data256，未使用信号；375- lfb_no_rcl_cnt_create，高位（除第0位）tie 0，同理排除376-lfb_no_rcl_cnt_pop；285-lfb_addr_entry_pfu_dcache_miss/hit/lfb_addr_entry_pfu_id，未使用信号，同理排除151-lfb_pfu_dcache_hit；109-l2_ls_req_full_va_id，排除第4位，原因：lfb为16项，高位tie 0，同理排除lfb_pfu_create_id, lfb_rb_create_id,","srcs/xx_lsu_lfb.sv","wk_lsu_lfb","1）wk_lsu_lfb.sv；292-lfb_addr_entry_pf_late_st，必要条件st_da_cache_miss tie 0；347-lfb_entry_page_so，同wk_lsu_ctr-116，lfb_pend_page_so_f，同理排除148-lfb_pend_page_so_f；352- lfb_lf_sm_data256，未使用信号；375- lfb_no_rcl_cnt_create，高位（除第0位）tie 0，同理排除376-lfb_no_rcl_cnt_pop；285-lfb_addr_entry_pfu_dcache_miss/hit/lfb_addr_entry_pfu_id，未使用信号，同理排除151-lfb_pfu_dcache_hit；109-l2_ls_req_full_va_id，排除第4位，原因：lfb为16项，高位tie 0，同理排除lfb_pfu_create_id, lfb_rb_create_id,","1）wk_lsu_lfb.sv；292-lfb_addr_entry_pf_late_st，必要条件st_da_cache_miss tie 0；347-lfb_entry_page_so，同wk_lsu_ctr-116，lfb_pend_page_so_f，同理排除148-lfb_pend_page_so_f；352- lfb_lf_sm_data256，未使用信号；375- lfb_no_rcl_cnt_create，高位（除第0位）tie 0，同理排除376-lfb_no_rcl_cnt_pop；285-lfb_addr_entry_pfu_dcache_miss/hit/lfb_addr_entry_pfu_id，未使用信号，同理排除151-lfb_pfu_dcache_hit；109-l2_ls_req_full_va_id，排除第4位，原因：lfb为16项，高位tie 0，同理排除lfb_pfu_create_id, lfb_rb_create_id,","仅影响所列代码覆盖率统计；不替代功能正确性与全芯片动态签核","静态代码审查；在具备VCS/URG的全芯片环境复核适用边界","DOCX代码覆盖率排除项","待项目评审确认","1.6.4","来源：07_xxx_代码与功能覆盖率排除说明文档.docx；分组及同理排除引用按原文保留"
"condition","wk_lsu_lfb_addr_entry | 1）410，排除原因：信号tie 0，同理排除524","srcs/xx_lsu_lfb_addr_entry.sv","wk_lsu_lfb_addr_entry","1）410，排除原因：信号tie 0，同理排除524","1）410，排除原因：信号tie 0，同理排除524","仅影响所列代码覆盖率统计；不替代功能正确性与全芯片动态签核","静态代码审查；在具备VCS/URG的全芯片环境复核适用边界","DOCX代码覆盖率排除项","待项目评审确认","1.7.3","来源：07_xxx_代码与功能覆盖率排除说明文档.docx；分组及同理排除引用按原文保留"
"condition","wk_lsu_lfb_addr_entry | 2）wk_lsu_lfb_addr_entry.sv – 480，排除子表达式lfb_addr_entry_vld单独为0的条件。","srcs/xx_lsu_lfb_addr_entry.sv","wk_lsu_lfb_addr_entry","2）wk_lsu_lfb_addr_entry.sv – 480，排除子表达式lfb_addr_entry_vld单独为0的条件。","排除原因：lfb_addr_entry_vld=0，此时不会发起同余组查询操作，不会出现lfb_addr_entry_rcl_done=1，lfb_addr_entry_already_reply=0的情况（340）。排除锁存情况：pfu_create属于ca请求，需要同余组操作，rcl_done=1则already_replay=1","仅影响所列代码覆盖率统计；不替代功能正确性与全芯片动态签核","静态代码审查；在具备VCS/URG的全芯片环境复核适用边界","DOCX代码覆盖率排除项","待项目评审确认","1.7.3","来源：07_xxx_代码与功能覆盖率排除说明文档.docx；分组及同理排除引用按原文保留"
"condition","wk_lsu_lfb_addr_entry | 3）wk_lsu_lfb_addr_entry.sv – 564，排除子表达式lfb_addr_entry_page_ca单独为0的条件。","srcs/xx_lsu_lfb_addr_entry.sv","wk_lsu_lfb_addr_entry","3）wk_lsu_lfb_addr_entry.sv – 564，排除子表达式lfb_addr_entry_page_ca单独为0的条件。","排除原因：当lfb_addr_entry_page_ca=0，创建子项时，lfb_addr_entry_rcl_done=1，不需要回填，则不需要进行同余组查询操作。","仅影响所列代码覆盖率统计；不替代功能正确性与全芯片动态签核","静态代码审查；在具备VCS/URG的全芯片环境复核适用边界","DOCX代码覆盖率排除项","待项目评审确认","1.7.3","来源：07_xxx_代码与功能覆盖率排除说明文档.docx；分组及同理排除引用按原文保留"
"condition","wk_lsu_lfb_addr_entry | 4）wk_lsu_lfb_addr_entry.sv – 457，排除lfb_addr_entry_rcl_done单独为0的条件。","srcs/xx_lsu_lfb_addr_entry.sv","wk_lsu_lfb_addr_entry","4）wk_lsu_lfb_addr_entry.sv – 457，排除lfb_addr_entry_rcl_done单独为0的条件。","排除原因：lfb_addr_entry_rcl_done是lfb_addr_entry_dcache_hit的必要条件，子项创建时lfb_addr_entry_dcache_hit=0（317行），只有在同余组操作完成之后，才可能置1（324行）.","仅影响所列代码覆盖率统计；不替代功能正确性与全芯片动态签核","静态代码审查；在具备VCS/URG的全芯片环境复核适用边界","DOCX代码覆盖率排除项","待项目评审确认","1.7.3","来源：07_xxx_代码与功能覆盖率排除说明文档.docx；分组及同理排除引用按原文保留"
"toggle","wk_lsu_lfb_addr_entry | 1）wk_lfb_addr_entry.sv；133-lfb_addr_entry_pf_late_st，必要条件st_da_cache_miss tie0，同理排除156-lfb_addr_entry_pf_late_st_vld, 84-lfb_addr_entry_pf_late_st_x, 71-st_da_cache_miss；163-lfb_addr_entry_pfu_dcache_hit，未使用信号，同理排除lfb_addr_entry_pfu_dcache_hit_x","srcs/xx_lsu_lfb_addr_entry.sv","wk_lsu_lfb_addr_entry","1）wk_lfb_addr_entry.sv；133-lfb_addr_entry_pf_late_st，必要条件st_da_cache_miss tie0，同理排除156-lfb_addr_entry_pf_late_st_vld, 84-lfb_addr_entry_pf_late_st_x, 71-st_da_cache_miss；163-lfb_addr_entry_pfu_dcache_hit，未使用信号，同理排除lfb_addr_entry_pfu_dcache_hit_x","1）wk_lfb_addr_entry.sv；133-lfb_addr_entry_pf_late_st，必要条件st_da_cache_miss tie0，同理排除156-lfb_addr_entry_pf_late_st_vld, 84-lfb_addr_entry_pf_late_st_x, 71-st_da_cache_miss；163-lfb_addr_entry_pfu_dcache_hit，未使用信号，同理排除lfb_addr_entry_pfu_dcache_hit_x","仅影响所列代码覆盖率统计；不替代功能正确性与全芯片动态签核","静态代码审查；在具备VCS/URG的全芯片环境复核适用边界","DOCX代码覆盖率排除项","待项目评审确认","1.7.4","来源：07_xxx_代码与功能覆盖率排除说明文档.docx；分组及同理排除引用按原文保留"
"condition","wk_lsu_lfb_data_entry | 1）wk_lsu_lfb_data_entry.sv – 417，排除lfb_data_entry_last单独为0的情况。","未在本仓库srcs中定位到xx_lsu_lfb_data_entry生产源","wk_lsu_lfb_data_entry","1）wk_lsu_lfb_data_entry.sv – 417，排除lfb_data_entry_last单独为0的情况。","排除原因：最多2笔数据返回，当lfb_data_entry_cnt=1，则lfb_data_entry_last=1.","仅影响所列代码覆盖率统计；不替代功能正确性与全芯片动态签核","静态代码审查；在具备VCS/URG的全芯片环境复核适用边界","DOCX代码覆盖率排除项","待项目评审确认","1.8.3","来源：07_xxx_代码与功能覆盖率排除说明文档.docx；分组及同理排除引用按原文保留"
"condition","wk_lsu_lfb_data_entry | 2）wk_lsu_lfb_data_entry.sv – 392，排除子表达式biu_lsu_r_vld单独为0的t条件。","未在本仓库srcs中定位到xx_lsu_lfb_data_entry生产源","wk_lsu_lfb_data_entry","2）wk_lsu_lfb_data_entry.sv – 392，排除子表达式biu_lsu_r_vld单独为0的t条件。","排除原因：biu_lsu_r_vld是lfb_biu_r_id_hit的必要条件，详见1042行。","仅影响所列代码覆盖率统计；不替代功能正确性与全芯片动态签核","静态代码审查；在具备VCS/URG的全芯片环境复核适用边界","DOCX代码覆盖率排除项","待项目评审确认","1.8.3","来源：07_xxx_代码与功能覆盖率排除说明文档.docx；分组及同理排除引用按原文保留"
"condition","wk_lsu_lfb_data_entry | 3）wk_lsu_lfb_data_entry.sv – 472，排除子表达式lfb_data_entry_vld单独为0的条件。","未在本仓库srcs中定位到xx_lsu_lfb_data_entry生产源","wk_lsu_lfb_data_entry","3）wk_lsu_lfb_data_entry.sv – 472，排除子表达式lfb_data_entry_vld单独为0的条件。","排除原因：lfb_data_entry_vld是lfb_data_entry_finish_line和lfb_data_pass_1times的必要条件，子项无效，不会接收数据。","仅影响所列代码覆盖率统计；不替代功能正确性与全芯片动态签核","静态代码审查；在具备VCS/URG的全芯片环境复核适用边界","DOCX代码覆盖率排除项","待项目评审确认","1.8.3","来源：07_xxx_代码与功能覆盖率排除说明文档.docx；分组及同理排除引用按原文保留"
"toggle","wk_lsu_lfb_data_entry | 1）wk_lsu_lfb_data_entry.sv；106-lfb_data_entry_cnt，排除第1比特位翻转，原因：最多2笔请求，第1位不存在置1的情况。","未在本仓库srcs中定位到xx_lsu_lfb_data_entry生产源","wk_lsu_lfb_data_entry","1）wk_lsu_lfb_data_entry.sv；106-lfb_data_entry_cnt，排除第1比特位翻转，原因：最多2笔请求，第1位不存在置1的情况。","DOCX仅列示该排除项，未另述原因","仅影响所列代码覆盖率统计；不替代功能正确性与全芯片动态签核","静态代码审查；在具备VCS/URG的全芯片环境复核适用边界","DOCX代码覆盖率排除项","待项目评审确认","1.8.4","来源：07_xxx_代码与功能覆盖率排除说明文档.docx；分组及同理排除引用按原文保留"
"branch","wk_lsu_lm | case语句default分支","未在本仓库srcs中定位到xx_lsu_lm生产源","wk_lsu_lm","case语句default分支","DOCX仅列示该排除项，未另述原因","仅影响所列代码覆盖率统计；不替代功能正确性与全芯片动态签核","静态代码审查；在具备VCS/URG的全芯片环境复核适用边界","DOCX代码覆盖率排除项","待项目评审确认","1.9.2","来源：07_xxx_代码与功能覆盖率排除说明文档.docx；分组及同理排除引用按原文保留"
"condition","wk_lsu_lm | 1）wk_lsu_lm.sv- 1084，排除子表达式dm_state_is_idle单独为0的条件。","未在本仓库srcs中定位到xx_lsu_lm生产源","wk_lsu_lm","1）wk_lsu_lm.sv- 1084，排除子表达式dm_state_is_idle单独为0的条件。","排除原因：dm_state_is_idle=0，通过dm_state_is_force_fail，让后续sc强制作废（wmb-entry wmb_entry_sc_wb_set/ wmb_entry_sc_wb_success_set），不发起总线read_unique请求（wmb_entry_read_req），则dm_state_init_vld不会置位。同理排除1093。","仅影响所列代码覆盖率统计；不替代功能正确性与全芯片动态签核","静态代码审查；在具备VCS/URG的全芯片环境复核适用边界","DOCX代码覆盖率排除项","待项目评审确认","1.9.3","来源：07_xxx_代码与功能覆盖率排除说明文档.docx；分组及同理排除引用按原文保留"
"condition","wk_lsu_lm | 2）wk_lsu_lm.sv – 841，排除子表达式!lm_ex单独为0的条件。","未在本仓库srcs中定位到xx_lsu_lm生产源","wk_lsu_lm","2）wk_lsu_lm.sv – 841，排除子表达式!lm_ex单独为0的条件。","排除原因：该条件满足前序分支","仅影响所列代码覆盖率统计；不替代功能正确性与全芯片动态签核","静态代码审查；在具备VCS/URG的全芯片环境复核适用边界","DOCX代码覆盖率排除项","待项目评审确认","1.9.3","来源：07_xxx_代码与功能覆盖率排除说明文档.docx；分组及同理排除引用按原文保留"
"condition","wk_lsu_lm | 3）815，排除原因，不支持向量原子操作","未在本仓库srcs中定位到xx_lsu_lm生产源","wk_lsu_lm","3）815，排除原因，不支持向量原子操作","3）815，排除原因，不支持向量原子操作","仅影响所列代码覆盖率统计；不替代功能正确性与全芯片动态签核","静态代码审查；在具备VCS/URG的全芯片环境复核适用边界","DOCX代码覆盖率排除项","待项目评审确认","1.9.3","来源：07_xxx_代码与功能覆盖率排除说明文档.docx；分组及同理排除引用按原文保留"
"condition","wk_lsu_lm | 4）wk_lsu_lm.sv – 1141，排除子表达式wmb_lm_state_clr单独为0的条件。","未在本仓库srcs中定位到xx_lsu_lm生产源","wk_lsu_lm","4）wk_lsu_lm.sv – 1141，排除子表达式wmb_lm_state_clr单独为0的条件。","排除原因：对于原子操作，wmb_lm_state_clr是wmb_lm_already_read_req的必要条件：wmb_lm_already_read_req要求wmb完成指针指向该项，前提是该项发起cmplt请求（wmb_lswb0_cmplt_req），对于原子操作，意味着wmb_lm_state_clr=1（wmb-3587 3464）","仅影响所列代码覆盖率统计；不替代功能正确性与全芯片动态签核","静态代码审查；在具备VCS/URG的全芯片环境复核适用边界","DOCX代码覆盖率排除项","待项目评审确认","1.9.3","来源：07_xxx_代码与功能覆盖率排除说明文档.docx；分组及同理排除引用按原文保留"
"condition","wk_lsu_lm | 2）wk_lsu_lm.sv – 1175，排除析取范式第二个子表达式的子表达式wmb_lm_state_clr、!already_sc单独为0的条件。","未在本仓库srcs中定位到xx_lsu_lm生产源","wk_lsu_lm","2）wk_lsu_lm.sv – 1175，排除析取范式第二个子表达式的子表达式wmb_lm_state_clr、!already_sc单独为0的条件。","排除原因：同上，对于原子操作，wmb_lm_state_clr是wmb_lm_success的必要条件。（wmb-3585）；如果already_sc=1，wmb_lm_state_clr=1说明连续执行2条sc指令，第二次wmb_lm_success=0.","仅影响所列代码覆盖率统计；不替代功能正确性与全芯片动态签核","静态代码审查；在具备VCS/URG的全芯片环境复核适用边界","DOCX代码覆盖率排除项","待项目评审确认","1.9.3","来源：07_xxx_代码与功能覆盖率排除说明文档.docx；分组及同理排除引用按原文保留"
"condition","wk_lsu_lq_entry | 1）414，排除原因，不支持cache-buffer，及其地址判相关；同理排除464、488","srcs/xx_lsu_lq_entry.sv","wk_lsu_lq_entry","1）414，排除原因，不支持cache-buffer，及其地址判相关；同理排除464、488","1）414，排除原因，不支持cache-buffer，及其地址判相关；同理排除464、488","仅影响所列代码覆盖率统计；不替代功能正确性与全芯片动态签核","静态代码审查；在具备VCS/URG的全芯片环境复核适用边界","DOCX代码覆盖率排除项","待项目评审确认","1.17.3","来源：07_xxx_代码与功能覆盖率排除说明文档.docx；分组及同理排除引用按原文保留"
"condition","wk_lsu_lq_entry | 2）363，退休窗口为6，同理排除366","srcs/xx_lsu_lq_entry.sv","wk_lsu_lq_entry","2）363，退休窗口为6，同理排除366","DOCX仅列示该排除项，未另述原因","仅影响所列代码覆盖率统计；不替代功能正确性与全芯片动态签核","静态代码审查；在具备VCS/URG的全芯片环境复核适用边界","DOCX代码覆盖率排除项","待项目评审确认","1.17.3","来源：07_xxx_代码与功能覆盖率排除说明文档.docx；分组及同理排除引用按原文保留"
"condition","wk_lsu_lrq_entry | 1）wk_lsu_lrq_entry.sv – 813，排除子表达式lrq_entry_create_vld和rtu_ck_flush单独为0的条件。","srcs/xx_lsu_lrq_entry.sv","wk_lsu_lrq_entry","1）wk_lsu_lrq_entry.sv – 813，排除子表达式lrq_entry_create_vld和rtu_ck_flush单独为0的条件。","排除原因：创建子项未发生rtu-flush或者rtu-flush有效时未创建，请求尚未进入睡眠队列，不会进行唤醒。rtu_ck_flush & lsu_lrq_frz_clr同时有效满足前序分支。","仅影响所列代码覆盖率统计；不替代功能正确性与全芯片动态签核","静态代码审查；在具备VCS/URG的全芯片环境复核适用边界","DOCX代码覆盖率排除项","待项目评审确认","1.10.3","来源：07_xxx_代码与功能覆盖率排除说明文档.docx；分组及同理排除引用按原文保留"
"condition","wk_lsu_lrq_entry | 2）wk_lsu_lrq_entry.sv – 526，排除子表达式lrq_entry_is_load、lrq_entry_unit_stride单独为0的条件","srcs/xx_lsu_lrq_entry.sv","wk_lsu_lrq_entry","2）wk_lsu_lrq_entry.sv – 526，排除子表达式lrq_entry_is_load、lrq_entry_unit_stride单独为0的条件","排除原因：lrq_entry_is_load=0，store请求非512位宽，故lrq_entry_unit_stride=0；lrq_entry_unit_stirde=0，满足前一个if条件，不会进入该分支。","仅影响所列代码覆盖率统计；不替代功能正确性与全芯片动态签核","静态代码审查；在具备VCS/URG的全芯片环境复核适用边界","DOCX代码覆盖率排除项","待项目评审确认","1.10.3","来源：07_xxx_代码与功能覆盖率排除说明文档.docx；分组及同理排除引用按原文保留"
"condition","wk_lsu_lrq_entry | 3）wk_lsu_lrq_entry.sv – 753，排除子表达式!lrq_entry_is_load单独为0的条件。","srcs/xx_lsu_lrq_entry.sv","wk_lsu_lrq_entry","3）wk_lsu_lrq_entry.sv – 753，排除子表达式!lrq_entry_is_load单独为0的条件。","assign lrq_entry_bar = !lrq_entry_is_load && lrq_entry_sync_fence；排除原因：加载类型请求不可能是sync-fence类型请求。","仅影响所列代码覆盖率统计；不替代功能正确性与全芯片动态签核","静态代码审查；在具备VCS/URG的全芯片环境复核适用边界","DOCX代码覆盖率排除项","待项目评审确认","1.10.3","来源：07_xxx_代码与功能覆盖率排除说明文档.docx；分组及同理排除引用按原文保留"
"condition","wk_lsu_lrq_entry | 4）645，排除原因，当队列满导致进入睡眠时，该项未完成，不会弹出，仍然有效。同理排除673、705","srcs/xx_lsu_lrq_entry.sv","wk_lsu_lrq_entry","4）645，排除原因，当队列满导致进入睡眠时，该项未完成，不会弹出，仍然有效。同理排除673、705","4）645，排除原因，当队列满导致进入睡眠时，该项未完成，不会弹出，仍然有效。同理排除673、705","仅影响所列代码覆盖率统计；不替代功能正确性与全芯片动态签核","静态代码审查；在具备VCS/URG的全芯片环境复核适用边界","DOCX代码覆盖率排除项","待项目评审确认","1.10.3","来源：07_xxx_代码与功能覆盖率排除说明文档.docx；分组及同理排除引用按原文保留"
"condition","wk_lsu_lrq_entry | 5）719，排除原因：tlb_busy信号tie 0，同理排除786","srcs/xx_lsu_lrq_entry.sv","wk_lsu_lrq_entry","5）719，排除原因：tlb_busy信号tie 0，同理排除786","5）719，排除原因：tlb_busy信号tie 0，同理排除786","仅影响所列代码覆盖率统计；不替代功能正确性与全芯片动态签核","静态代码审查；在具备VCS/URG的全芯片环境复核适用边界","DOCX代码覆盖率排除项","待项目评审确认","1.10.3","来源：07_xxx_代码与功能覆盖率排除说明文档.docx；分组及同理排除引用按原文保留"
"condition","wk_lsu_lrq_entry | 6）wk_lsu_lrq_entry.sv-528，排除子表达式!lrq_entry_is_load为0的条件。","srcs/xx_lsu_lrq_entry.sv","wk_lsu_lrq_entry","6）wk_lsu_lrq_entry.sv-528，排除子表达式!lrq_entry_is_load为0的条件。","排除原因：该条件满足前序分支。","仅影响所列代码覆盖率统计；不替代功能正确性与全芯片动态签核","静态代码审查；在具备VCS/URG的全芯片环境复核适用边界","DOCX代码覆盖率排除项","待项目评审确认","1.10.3","来源：07_xxx_代码与功能覆盖率排除说明文档.docx；分组及同理排除引用按原文保留"
"toggle","wk_lsu_lrq_entry | 1）wk_lsu_lrq.sv；752-lrq0_create_frz，未使用信号，同理排除799-lrq2_create_frz, 845-lrq3_create_frz，893-lrq_entry_bar_ptr，781-lsu0_rdy_older_idu；771-lrq0_entry_aft_load，ld0不存在fence指令，同理排除772-lrq0_entry_after_store，lrq_oth_aft_store[11:0]，lrq_other_aft_store[11:0]。；257-lsu0_lrq_ex2_sq_full，ld0不存在创建sq项，同理排除258-lsu0_lrq_exx_sq_not_full。；256-lsu0/2/3_lrq_exx_tlb_wakeup，mmu tie0，同理排除264-lsu0/2/3_lrq_ex2_tlb_busy,；901-lrq_oth_load[11:0]，排除1->0的翻转覆盖，ld0流水线不存在创建非load指令，同理排除lrq_oth_store[11:0]，lrq_oth_bar[11:0]，lrq0_entry_load；302-303-rdy_pre/rdy，未使用信号","srcs/xx_lsu_lrq_entry.sv","wk_lsu_lrq_entry","1）wk_lsu_lrq.sv；752-lrq0_create_frz，未使用信号，同理排除799-lrq2_create_frz, 845-lrq3_create_frz，893-lrq_entry_bar_ptr，781-lsu0_rdy_older_idu；771-lrq0_entry_aft_load，ld0不存在fence指令，同理排除772-lrq0_entry_after_store，lrq_oth_aft_store[11:0]，lrq_other_aft_store[11:0]。；257-lsu0_lrq_ex2_sq_full，ld0不存在创建sq项，同理排除258-lsu0_lrq_exx_sq_not_full。；256-lsu0/2/3_lrq_exx_tlb_wakeup，mmu tie0，同理排除264-lsu0/2/3_lrq_ex2_tlb_busy,；901-lrq_oth_load[11:0]，排除1->0的翻转覆盖，ld0流水线不存在创建非load指令，同理排除lrq_oth_store[11:0]，lrq_oth_bar[11:0]，lrq0_entry_load；302-303-rdy_pre/rdy，未使用信号","1）wk_lsu_lrq.sv；752-lrq0_create_frz，未使用信号，同理排除799-lrq2_create_frz, 845-lrq3_create_frz，893-lrq_entry_bar_ptr，781-lsu0_rdy_older_idu；771-lrq0_entry_aft_load，ld0不存在fence指令，同理排除772-lrq0_entry_after_store，lrq_oth_aft_store[11:0]，lrq_other_aft_store[11:0]。；257-lsu0_lrq_ex2_sq_full，ld0不存在创建sq项，同理排除258-lsu0_lrq_exx_sq_not_full。；256-lsu0/2/3_lrq_exx_tlb_wakeup，mmu tie0，同理排除264-lsu0/2/3_lrq_ex2_tlb_busy,；901-lrq_oth_load[11:0]，排除1->0的翻转覆盖，ld0流水线不存在创建非load指令，同理排除lrq_oth_store[11:0]，lrq_oth_bar[11:0]，lrq0_entry_load；302-303-rdy_pre/rdy，未使用信号","仅影响所列代码覆盖率统计；不替代功能正确性与全芯片动态签核","静态代码审查；在具备VCS/URG的全芯片环境复核适用边界","DOCX代码覆盖率排除项","待项目评审确认","1.10.4","来源：07_xxx_代码与功能覆盖率排除说明文档.docx；分组及同理排除引用按原文保留"
"line","wk_lsu_rb | 1）wk_lsu_rb.sv – 2156行","srcs/xx_lsu_rb.sv","wk_lsu_rb","1）wk_lsu_rb.sv – 2156行","排除原因：同1.4.1","仅影响所列代码覆盖率统计；不替代功能正确性与全芯片动态签核","静态代码审查；在具备VCS/URG的全芯片环境复核适用边界","DOCX代码覆盖率排除项","待项目评审确认","1.11.1","来源：07_xxx_代码与功能覆盖率排除说明文档.docx；分组及同理排除引用按原文保留"
"branch","wk_lsu_rb | 同上","srcs/xx_lsu_rb.sv","wk_lsu_rb","同上","DOCX仅列示该排除项，未另述原因","仅影响所列代码覆盖率统计；不替代功能正确性与全芯片动态签核","静态代码审查；在具备VCS/URG的全芯片环境复核适用边界","DOCX代码覆盖率排除项","待项目评审确认","1.11.2","来源：07_xxx_代码与功能覆盖率排除说明文档.docx；分组及同理排除引用按原文保留"
"condition","wk_lsu_rb | 1）wk_lsu_rb.sv – 1865，排除子表达式rb_biu_req_page_ca单独为0的条件。","srcs/xx_lsu_rb.sv","wk_lsu_rb","1）wk_lsu_rb.sv – 1865，排除子表达式rb_biu_req_page_ca单独为0的条件。","排除原因：amo指令在nc空间报acess-fault，详见ld_ag-2639：lag_ldc_ex1_expt_ldamo_not_ca。","仅影响所列代码覆盖率统计；不替代功能正确性与全芯片动态签核","静态代码审查；在具备VCS/URG的全芯片环境复核适用边界","DOCX代码覆盖率排除项","待项目评审确认","1.11.3","来源：07_xxx_代码与功能覆盖率排除说明文档.docx；分组及同理排除引用按原文保留"
"condition","wk_lsu_rb | 2）wk_lsu_rb.sv – 1915，排除子表达式!rb_biu_req_sync_fence单独为0的条件。","srcs/xx_lsu_rb.sv","wk_lsu_rb","2）wk_lsu_rb.sv – 1915，排除子表达式!rb_biu_req_sync_fence单独为0的条件。","排除原因：sync-fence类型指令so属性为0，详见wk-lsu-st-dc.sv-1039, st_dc_default_page。同理排除838","仅影响所列代码覆盖率统计；不替代功能正确性与全芯片动态签核","静态代码审查；在具备VCS/URG的全芯片环境复核适用边界","DOCX代码覆盖率排除项","待项目评审确认","1.11.3","来源：07_xxx_代码与功能覆盖率排除说明文档.docx；分组及同理排除引用按原文保留"
"condition","wk_lsu_rb | 4）wk_lsu_rb.sv – 1998，排除rb_ld_wb_cmplt_inst_fof单独为0的条件。","srcs/xx_lsu_rb.sv","wk_lsu_rb","4）wk_lsu_rb.sv – 1998，排除rb_ld_wb_cmplt_inst_fof单独为0的条件。","排除原因：rb_ld_wb_cmplt_inst_fof是rb_ld_wb_fof_not_first的必要条件。fof_not_first首先是fof类型指令。","仅影响所列代码覆盖率统计；不替代功能正确性与全芯片动态签核","静态代码审查；在具备VCS/URG的全芯片环境复核适用边界","DOCX代码覆盖率排除项","待项目评审确认","1.11.3","来源：07_xxx_代码与功能覆盖率排除说明文档.docx；分组及同理排除引用按原文保留"
"condition","wk_lsu_rb | 5）wk_lsu_rb.sv – 778，排除rb_biu_req_unmask=1分支rb_read_req_grnt_gateclk_en=0的条件。","srcs/xx_lsu_rb.sv","wk_lsu_rb","5）wk_lsu_rb.sv – 778，排除rb_biu_req_unmask=1分支rb_read_req_grnt_gateclk_en=0的条件。","排除原因：rb_read_req_grnt_gateclk_en = rb_biu_req_unmask，故rb_biu_req_unmask=1时，rb_read_req_grnt_gateclk_en总是有效。见下图：","仅影响所列代码覆盖率统计；不替代功能正确性与全芯片动态签核","静态代码审查；在具备VCS/URG的全芯片环境复核适用边界","DOCX代码覆盖率排除项","待项目评审确认","1.11.3","来源：07_xxx_代码与功能覆盖率排除说明文档.docx；分组及同理排除引用按原文保留"
"condition","wk_lsu_rb | 1）wk_lsu_rb.sv – 1827，排除!rb_biu_req_sync_fence单独为0的条件。","srcs/xx_lsu_rb.sv","wk_lsu_rb","1）wk_lsu_rb.sv – 1827，排除!rb_biu_req_sync_fence单独为0的条件。","排除原因：fence指令page_ca=0；","仅影响所列代码覆盖率统计；不替代功能正确性与全芯片动态签核","静态代码审查；在具备VCS/URG的全芯片环境复核适用边界","DOCX代码覆盖率排除项","待项目评审确认","1.11.3","来源：07_xxx_代码与功能覆盖率排除说明文档.docx；分组及同理排除引用按原文保留"
"condition","wk_lsu_rb | 5）wk_lsu_rb.sv – 1820，排除子表达式!rb_biu_req_sync_fence单独为0的条件。","srcs/xx_lsu_rb.sv","wk_lsu_rb","5）wk_lsu_rb.sv – 1820，排除子表达式!rb_biu_req_sync_fence单独为0的条件。","排除原因：rb_biu_req_sync_fence意味着so=0（见3）），也不可能是非缓存的原子操作（nc_atomic）。","仅影响所列代码覆盖率统计；不替代功能正确性与全芯片动态签核","静态代码审查；在具备VCS/URG的全芯片环境复核适用边界","DOCX代码覆盖率排除项","待项目评审确认","1.11.3","来源：07_xxx_代码与功能覆盖率排除说明文档.docx；分组及同理排除引用按原文保留"
"toggle","wk_lsu_rb | 1）wk_lsu_rb.sv；239-lsda0/1_ex3_mcic_borrow_mmu，排除原因：mmu只借用ld0；596-lsda0_hit_idx_ori, lsda0/1_ld/st_idx_wrt_ld0，信号未使用；744-rb-empty_less2/3_low/high，信号未使用，同理排除736-rb_entry_all1s_low0/1_high0/1，rb_full_low/high0/1；453-rb_mcic_ecc_err，tie 0，同理排除587-rb_r_resp_ecc_err，385-rb_biu_ar_snoop[3]，387-rb_biu_ar_user[2]，lfb_rb_create_id[4]，rb_create_ptr2[14]，rb_create_ptr3[15:14]；430-rb_lwb_ex3_vreg_sign_sel[12:1]，同1.4.1；；379-rb_biu_ar_len[1]，最多2笔，第1位不存在1的场景；；719-rb_entry_sync[15]，第15项预留给mcic，同理排除rb_entry_reg_bytes_vld1/2/3，rb_entry_inst_fof[15]，rb_entry_atomic[15]，rb_entry_atomic_next_resp[15]，rb_entry_cmit_data_vld[15]，rb_entry_depd0/2/3，rb_entry_depd_wakeup0/2/3[15]，rb_entry_discard_vld0/2/3[15]，rb_entry_element_cnt[15]，rb_entry_*[15]（fence_ld_vld, us, vls, ldamo, ls0/1_create_dp_vld, ls0/1_create_gateclk_en, ls0/1_create_vld）","srcs/xx_lsu_rb.sv","wk_lsu_rb","1）wk_lsu_rb.sv；239-lsda0/1_ex3_mcic_borrow_mmu，排除原因：mmu只借用ld0；596-lsda0_hit_idx_ori, lsda0/1_ld/st_idx_wrt_ld0，信号未使用；744-rb-empty_less2/3_low/high，信号未使用，同理排除736-rb_entry_all1s_low0/1_high0/1，rb_full_low/high0/1；453-rb_mcic_ecc_err，tie 0，同理排除587-rb_r_resp_ecc_err，385-rb_biu_ar_snoop[3]，387-rb_biu_ar_user[2]，lfb_rb_create_id[4]，rb_create_ptr2[14]，rb_create_ptr3[15:14]；430-rb_lwb_ex3_vreg_sign_sel[12:1]，同1.4.1；；379-rb_biu_ar_len[1]，最多2笔，第1位不存在1的场景；；719-rb_entry_sync[15]，第15项预留给mcic，同理排除rb_entry_reg_bytes_vld1/2/3，rb_entry_inst_fof[15]，rb_entry_atomic[15]，rb_entry_atomic_next_resp[15]，rb_entry_cmit_data_vld[15]，rb_entry_depd0/2/3，rb_entry_depd_wakeup0/2/3[15]，rb_entry_discard_vld0/2/3[15]，rb_entry_element_cnt[15]，rb_entry_*[15]（fence_ld_vld, us, vls, ldamo, ls0/1_create_dp_vld, ls0/1_create_gateclk_en, ls0/1_create_vld）","1）wk_lsu_rb.sv；239-lsda0/1_ex3_mcic_borrow_mmu，排除原因：mmu只借用ld0；596-lsda0_hit_idx_ori, lsda0/1_ld/st_idx_wrt_ld0，信号未使用；744-rb-empty_less2/3_low/high，信号未使用，同理排除736-rb_entry_all1s_low0/1_high0/1，rb_full_low/high0/1；453-rb_mcic_ecc_err，tie 0，同理排除587-rb_r_resp_ecc_err，385-rb_biu_ar_snoop[3]，387-rb_biu_ar_user[2]，lfb_rb_create_id[4]，rb_create_ptr2[14]，rb_create_ptr3[15:14]；430-rb_lwb_ex3_vreg_sign_sel[12:1]，同1.4.1；；379-rb_biu_ar_len[1]，最多2笔，第1位不存在1的场景；；719-rb_entry_sync[15]，第15项预留给mcic，同理排除rb_entry_reg_bytes_vld1/2/3，rb_entry_inst_fof[15]，rb_entry_atomic[15]，rb_entry_atomic_next_resp[15]，rb_entry_cmit_data_vld[15]，rb_entry_depd0/2/3，rb_entry_depd_wakeup0/2/3[15]，rb_entry_discard_vld0/2/3[15]，rb_entry_element_cnt[15]，rb_entry_*[15]（fence_ld_vld, us, vls, ldamo, ls0/1_create_dp_vld, ls0/1_create_gateclk_en, ls0/1_create_vld）","仅影响所列代码覆盖率统计；不替代功能正确性与全芯片动态签核","静态代码审查；在具备VCS/URG的全芯片环境复核适用边界","DOCX代码覆盖率排除项","待项目评审确认","1.11.4","来源：07_xxx_代码与功能覆盖率排除说明文档.docx；分组及同理排除引用按原文保留"
"condition","wk_lsu_rb_entry | 1）2480，排除子表达式rb_entry_vld, rb_entry_boundary, !rb_entry_secd单独为0的条件。","srcs/xx_lsu_rb_entry.sv","wk_lsu_rb_entry","1）2480，排除子表达式rb_entry_vld, rb_entry_boundary, !rb_entry_secd单独为0的条件。","排除原因：rb_entry_vld=1, rb_entry_boundary=1, rb_entry_secd=0是跨界请求合并的前提条件（lsda1_rb_ex3_merge_expt_vld=1）。同理排除行2489、行2462。","仅影响所列代码覆盖率统计；不替代功能正确性与全芯片动态签核","静态代码审查；在具备VCS/URG的全芯片环境复核适用边界","DOCX代码覆盖率排除项","待项目评审确认","1.12.3","来源：07_xxx_代码与功能覆盖率排除说明文档.docx；分组及同理排除引用按原文保留"
"condition","wk_lsu_rb_entry | 2）wk_lsu_rb_entry.sv – 2352，排除子表达式rb_entry_not_sync_fence单独为0的条件。","srcs/xx_lsu_rb_entry.sv","wk_lsu_rb_entry","2）wk_lsu_rb_entry.sv – 2352，排除子表达式rb_entry_not_sync_fence单独为0的条件。","排除原因：对于sync/fence类型，page_ca=0。","仅影响所列代码覆盖率统计；不替代功能正确性与全芯片动态签核","静态代码审查；在具备VCS/URG的全芯片环境复核适用边界","DOCX代码覆盖率排除项","待项目评审确认","1.12.3","来源：07_xxx_代码与功能覆盖率排除说明文档.docx；分组及同理排除引用按原文保留"
"condition","wk_lsu_rb_entry | 3）wk_lsu_rb_entry.sv – 2106，排除子表达式rb_entry_biu_b_resp单独为0的条件。","srcs/xx_lsu_rb_entry.sv","wk_lsu_rb_entry","3）wk_lsu_rb_entry.sv – 2106，排除子表达式rb_entry_biu_b_resp单独为0的条件。","排除原因：对于bar类型请求，先发aw通道请求，收到响应之后发ar通道。同理排除2344","仅影响所列代码覆盖率统计；不替代功能正确性与全芯片动态签核","静态代码审查；在具备VCS/URG的全芯片环境复核适用边界","DOCX代码覆盖率排除项","待项目评审确认","1.12.3","来源：07_xxx_代码与功能覆盖率排除说明文档.docx；分组及同理排除引用按原文保留"
"condition","wk_lsu_rb_entry | 4）wk_lsu_rb_entry.sv – 1512，排除子表达式!lsda0_ex3_is_load=0的条件。","srcs/xx_lsu_rb_entry.sv","wk_lsu_rb_entry","4）wk_lsu_rb_entry.sv – 1512，排除子表达式!lsda0_ex3_is_load=0的条件。","排除原因：rb_entry_ls0_create_dp_vld_x=1, lsda0_ex3_is_load=0满足前序分支。同理排除1727、1584","仅影响所列代码覆盖率统计；不替代功能正确性与全芯片动态签核","静态代码审查；在具备VCS/URG的全芯片环境复核适用边界","DOCX代码覆盖率排除项","待项目评审确认","1.12.3","来源：07_xxx_代码与功能覆盖率排除说明文档.docx；分组及同理排除引用按原文保留"
"condition","wk_lsu_rb_entry | 5）wk_lsu_rb_entry.sv – 2121，排除子表达式rb_entry_not_sync_fence单独为0的情况。","srcs/xx_lsu_rb_entry.sv","wk_lsu_rb_entry","5）wk_lsu_rb_entry.sv – 2121，排除子表达式rb_entry_not_sync_fence单独为0的情况。","排除原因：sync-fence请求不会因跨界被拆分。","仅影响所列代码覆盖率统计；不替代功能正确性与全芯片动态签核","静态代码审查；在具备VCS/URG的全芯片环境复核适用边界","DOCX代码覆盖率排除项","待项目评审确认","1.12.3","来源：07_xxx_代码与功能覆盖率排除说明文档.docx；分组及同理排除引用按原文保留"
"condition","wk_lsu_rb_entry | 6）2706，对于sync-fence指令，ca=0","srcs/xx_lsu_rb_entry.sv","wk_lsu_rb_entry","6）2706，对于sync-fence指令，ca=0","DOCX仅列示该排除项，未另述原因","仅影响所列代码覆盖率统计；不替代功能正确性与全芯片动态签核","静态代码审查；在具备VCS/URG的全芯片环境复核适用边界","DOCX代码覆盖率排除项","待项目评审确认","1.12.3","来源：07_xxx_代码与功能覆盖率排除说明文档.docx；分组及同理排除引用按原文保留"
"condition","wk_lsu_rb_entry | 7）wk_lsu_rb_entry.sv – 2729，排除rb_entry_vld单独为0的条件。","srcs/xx_lsu_rb_entry.sv","wk_lsu_rb_entry","7）wk_lsu_rb_entry.sv – 2729，排除rb_entry_vld单独为0的条件。","排除原因：rb_entry_vld是rb_entry_depd3的必要条件，存在请求对子项依赖的前提是子项有效。同理，排除2735/2738行rb_entry_vld单独为0的条件。","仅影响所列代码覆盖率统计；不替代功能正确性与全芯片动态签核","静态代码审查；在具备VCS/URG的全芯片环境复核适用边界","DOCX代码覆盖率排除项","待项目评审确认","1.12.3","来源：07_xxx_代码与功能覆盖率排除说明文档.docx；分组及同理排除引用按原文保留"
"condition","wk_lsu_rb_entry | 8）wk_lsu_rb_entry.sv- 1818，排除子表达式lsda0_ex3_is_load单独为0的条件。","srcs/xx_lsu_rb_entry.sv","wk_lsu_rb_entry","8）wk_lsu_rb_entry.sv- 1818，排除子表达式lsda0_ex3_is_load单独为0的条件。","排除原因：ls0/1的写分配请求（lsda0/1_ex3_is_load=0）不会发起biu_pe_req，详见wk_lsu_rb.sv – 1679, rb_ls0/1_biu_pe_req","仅影响所列代码覆盖率统计；不替代功能正确性与全芯片动态签核","静态代码审查；在具备VCS/URG的全芯片环境复核适用边界","DOCX代码覆盖率排除项","待项目评审确认","1.12.3","来源：07_xxx_代码与功能覆盖率排除说明文档.docx；分组及同理排除引用按原文保留"
"condition","wk_lsu_rb_entry | 9）wk_lsu_rb_entry.sv- 2373，排除子表达式（rb_entry_cmit | !rtu_ck_flush | !rtu_ck_flush_iid_older_than_entry_iid），子表达式rb_entry_dest_vld单独为0的条件。","srcs/xx_lsu_rb_entry.sv","wk_lsu_rb_entry","9）wk_lsu_rb_entry.sv- 2373，排除子表达式（rb_entry_cmit | !rtu_ck_flush | !rtu_ck_flush_iid_older_than_entry_iid），子表达式rb_entry_dest_vld单独为0的条件。","排除原因：对于so类型，请求发送出去时，意味着cmit=1。第二个条件：只有flush可以将rb_entry_dest_vld置0，但是对于发送出去的请求，cmit=1，flush需要等待数据写回之后产生。","仅影响所列代码覆盖率统计；不替代功能正确性与全芯片动态签核","静态代码审查；在具备VCS/URG的全芯片环境复核适用边界","DOCX代码覆盖率排除项","待项目评审确认","1.12.3","来源：07_xxx_代码与功能覆盖率排除说明文档.docx；分组及同理排除引用按原文保留"
"condition","wk_lsu_rb_entry | 10）wk_lsu_rb_entry.sv – 2153，排除子表达式!rb_entry_boundary|rb_entry_secd单独为0的条件。","srcs/xx_lsu_rb_entry.sv","wk_lsu_rb_entry","10）wk_lsu_rb_entry.sv – 2153，排除子表达式!rb_entry_boundary|rb_entry_secd单独为0的条件。","排除原因：跨界第一笔请求，数据尚未合并，不会发起写回请求，rb_entry_wb_cmplt_success=0.","仅影响所列代码覆盖率统计；不替代功能正确性与全芯片动态签核","静态代码审查；在具备VCS/URG的全芯片环境复核适用边界","DOCX代码覆盖率排除项","待项目评审确认","1.12.3","来源：07_xxx_代码与功能覆盖率排除说明文档.docx；分组及同理排除引用按原文保留"
"condition","wk_lsu_rb_entry | 11）wk_lsu_rb_entry.sv – 1929，排除子表达式rb_entry_sync_fence单独为1的条件。","srcs/xx_lsu_rb_entry.sv","wk_lsu_rb_entry","11）wk_lsu_rb_entry.sv – 1929，排除子表达式rb_entry_sync_fence单独为1的条件。","排除原因：对于sync-fence类型请求，so=0，因此rb_entry_sync_fence=1是!rb_entry_page_so=1的充分条件。同理排除2060","仅影响所列代码覆盖率统计；不替代功能正确性与全芯片动态签核","静态代码审查；在具备VCS/URG的全芯片环境复核适用边界","DOCX代码覆盖率排除项","待项目评审确认","1.12.3","来源：07_xxx_代码与功能覆盖率排除说明文档.docx；分组及同理排除引用按原文保留"
"condition","wk_lsu_rb_entry | 12）line-2639，对于sync-fence类型请求，ca=0，同理排除2649","srcs/xx_lsu_rb_entry.sv","wk_lsu_rb_entry","12）line-2639，对于sync-fence类型请求，ca=0，同理排除2649","DOCX仅列示该排除项，未另述原因","仅影响所列代码覆盖率统计；不替代功能正确性与全芯片动态签核","静态代码审查；在具备VCS/URG的全芯片环境复核适用边界","DOCX代码覆盖率排除项","待项目评审确认","1.12.3","来源：07_xxx_代码与功能覆盖率排除说明文档.docx；分组及同理排除引用按原文保留"
"condition","wk_lsu_rb_entry | 13）wk_lsu_rb_entry.sv – 2590，排除!rb_entry_sync_fence单独为0的条件。","srcs/xx_lsu_rb_entry.sv","wk_lsu_rb_entry","13）wk_lsu_rb_entry.sv – 2590，排除!rb_entry_sync_fence单独为0的条件。","排除原因：对于sync_fence类型请求，page_ca=0，且字节有效位=0，故该合取范式最后一个子表达式=0，无法满足第三个子表达式单独为0的情况。同理，行2612、行2624。","仅影响所列代码覆盖率统计；不替代功能正确性与全芯片动态签核","静态代码审查；在具备VCS/URG的全芯片环境复核适用边界","DOCX代码覆盖率排除项","待项目评审确认","1.12.3","来源：07_xxx_代码与功能覆盖率排除说明文档.docx；分组及同理排除引用按原文保留"
"condition","wk_lsu_rb_entry | 2）wk_lsu_rb_entry.sv – 1946，覆盖(rb_entry_next_so_bypass_x || !rb_entry_page_so)单独为0的情况。","srcs/xx_lsu_rb_entry.sv","wk_lsu_rb_entry","2）wk_lsu_rb_entry.sv – 1946，覆盖(rb_entry_next_so_bypass_x || !rb_entry_page_so)单独为0的情况。","排除原因：实际上是可以覆盖的，如下图：","仅影响所列代码覆盖率统计；不替代功能正确性与全芯片动态签核","静态代码审查；在具备VCS/URG的全芯片环境复核适用边界","DOCX代码覆盖率排除项","待项目评审确认","1.12.3","来源：07_xxx_代码与功能覆盖率排除说明文档.docx；分组及同理排除引用按原文保留"
"condition","wk_lsu_rb_entry | 6）wk_lsu_rb_entry.sv – 2411，排除子表达式rb_entry_sync_fence单独为0的条件。","srcs/xx_lsu_rb_entry.sv","wk_lsu_rb_entry","6）wk_lsu_rb_entry.sv – 2411，排除子表达式rb_entry_sync_fence单独为0的条件。","排除原因：对于sync-fence类型请求，ca=0，因此!rb_entry_sync_fence=0是rb_entry_page_ca=0的充分条件。同理排除2401、2114。","仅影响所列代码覆盖率统计；不替代功能正确性与全芯片动态签核","静态代码审查；在具备VCS/URG的全芯片环境复核适用边界","DOCX代码覆盖率排除项","待项目评审确认","1.12.3","来源：07_xxx_代码与功能覆盖率排除说明文档.docx；分组及同理排除引用按原文保留"
"condition","wk_lsu_rb_entry | 11）wk_lsu_rb_entry.sv – 1854，排除子表达式!lda0_ex3_mcic_borrow_mmu单独为0的条件。","srcs/xx_lsu_rb_entry.sv","wk_lsu_rb_entry","11）wk_lsu_rb_entry.sv – 1854，排除子表达式!lda0_ex3_mcic_borrow_mmu单独为0的条件。","排除原因：mmu借用请求只走ld0通道。","仅影响所列代码覆盖率统计；不替代功能正确性与全芯片动态签核","静态代码审查；在具备VCS/URG的全芯片环境复核适用边界","DOCX代码覆盖率排除项","待项目评审确认","1.12.3","来源：07_xxx_代码与功能覆盖率排除说明文档.docx；分组及同理排除引用按原文保留"
"toggle","wk_lsu_rb_entry | 1）wk_lsu_rb_entry.sv；lsda0/1_ex3_mcic_borrow_mmu，排除原因：mmu仅通过ld0创建rb项","srcs/xx_lsu_rb_entry.sv","wk_lsu_rb_entry","1）wk_lsu_rb_entry.sv；lsda0/1_ex3_mcic_borrow_mmu，排除原因：mmu仅通过ld0创建rb项","1）wk_lsu_rb_entry.sv；lsda0/1_ex3_mcic_borrow_mmu，排除原因：mmu仅通过ld0创建rb项","仅影响所列代码覆盖率统计；不替代功能正确性与全芯片动态签核","静态代码审查；在具备VCS/URG的全芯片环境复核适用边界","DOCX代码覆盖率排除项","待项目评审确认","1.12.4","来源：07_xxx_代码与功能覆盖率排除说明文档.docx；分组及同理排除引用按原文保留"
"condition","wk_lsu_sfp_entry | 1）wk_lsu_sfp_entry.sv – 256，排除子表达式sfp_entry_vld单独为0的条件。","未在本仓库srcs中定位到xx_lsu_sfp_entry生产源","wk_lsu_sfp_entry","1）wk_lsu_sfp_entry.sv – 256，排除子表达式sfp_entry_vld单独为0的条件。","排除原因：sfp_entry_vld是sfp_entry_replace必要条件。","仅影响所列代码覆盖率统计；不替代功能正确性与全芯片动态签核","静态代码审查；在具备VCS/URG的全芯片环境复核适用边界","DOCX代码覆盖率排除项","待项目评审确认","1.13.3","来源：07_xxx_代码与功能覆盖率排除说明文档.docx；分组及同理排除引用按原文保留"
"condition","wk_lsu_sfp_entry | 2）318，排除原因sfp_entry_wait_match信号未使用。","未在本仓库srcs中定位到xx_lsu_sfp_entry生产源","wk_lsu_sfp_entry","2）318，排除原因sfp_entry_wait_match信号未使用。","2）318，排除原因sfp_entry_wait_match信号未使用。","仅影响所列代码覆盖率统计；不替代功能正确性与全芯片动态签核","静态代码审查；在具备VCS/URG的全芯片环境复核适用边界","DOCX代码覆盖率排除项","待项目评审确认","1.13.3","来源：07_xxx_代码与功能覆盖率排除说明文档.docx；分组及同理排除引用按原文保留"
"toggle","wk_lsu_sfp_entry | 1）wk_lsu_sfp.sv；sfp_update_ptr/vld，信号未使用，同理排除sfp_hit_dec_vld；sfp_repl_dec_val，信号tie 2’b01；lsu0_sfp_ex3_rar，信号tie 1；sfp_entry_wait_match_unset，信号tie 0","未在本仓库srcs中定位到xx_lsu_sfp_entry生产源","wk_lsu_sfp_entry","1）wk_lsu_sfp.sv；sfp_update_ptr/vld，信号未使用，同理排除sfp_hit_dec_vld；sfp_repl_dec_val，信号tie 2’b01；lsu0_sfp_ex3_rar，信号tie 1；sfp_entry_wait_match_unset，信号tie 0","1）wk_lsu_sfp.sv；sfp_update_ptr/vld，信号未使用，同理排除sfp_hit_dec_vld；sfp_repl_dec_val，信号tie 2’b01；lsu0_sfp_ex3_rar，信号tie 1；sfp_entry_wait_match_unset，信号tie 0","仅影响所列代码覆盖率统计；不替代功能正确性与全芯片动态签核","静态代码审查；在具备VCS/URG的全芯片环境复核适用边界","DOCX代码覆盖率排除项","待项目评审确认","1.13.4","来源：07_xxx_代码与功能覆盖率排除说明文档.docx；分组及同理排除引用按原文保留"
"condition","wk_lsu_snoop_ctcq_entry | 1）wk_lsu_snoop_ctcq_entry.sv-212，排除子表达式ctcq_2nd_trans单独为0的条件。","未在本仓库srcs中定位到xx_lsu_snoop_ctcq_entry生产源","wk_lsu_snoop_ctcq_entry","1）wk_lsu_snoop_ctcq_entry.sv-212，排除子表达式ctcq_2nd_trans单独为0的条件。","排除原因：ica_tlb_ctcq_inv_cmplt==1 & ctcq_2nd_trans=0的条件满足210行所述分支，进入本分支时该子表达式不会满足上述条件。","仅影响所列代码覆盖率统计；不替代功能正确性与全芯片动态签核","静态代码审查；在具备VCS/URG的全芯片环境复核适用边界","DOCX代码覆盖率排除项","待项目评审确认","1.14.3","来源：07_xxx_代码与功能覆盖率排除说明文档.docx；分组及同理排除引用按原文保留"
"condition","wk_lsu_snoop_ctcq_entry | 2）wk_lsu_snoop_ctcq_entry.sv – 167，排除子表达式ctcq_2nd_trans单独为0的条件。","未在本仓库srcs中定位到xx_lsu_snoop_ctcq_entry生产源","wk_lsu_snoop_ctcq_entry","2）wk_lsu_snoop_ctcq_entry.sv – 167，排除子表达式ctcq_2nd_trans单独为0的条件。","排除原因：ctcq_create_en=1, ctcq_entry_vld=1，表示第二笔请求，此时ctcq_2nd_trans必然为1（在第一笔请求创建时置位）。","仅影响所列代码覆盖率统计；不替代功能正确性与全芯片动态签核","静态代码审查；在具备VCS/URG的全芯片环境复核适用边界","DOCX代码覆盖率排除项","待项目评审确认","1.14.3","来源：07_xxx_代码与功能覆盖率排除说明文档.docx；分组及同理排除引用按原文保留"
"toggle","wk_lsu_snoop_ctcq_entry | 1）wk_lsu_snoop_ctcq_entry.sv；ctcq_type[5]， ctcq_type[3]，所有类型请求第3/5位=0","未在本仓库srcs中定位到xx_lsu_snoop_ctcq_entry生产源","wk_lsu_snoop_ctcq_entry","1）wk_lsu_snoop_ctcq_entry.sv；ctcq_type[5]， ctcq_type[3]，所有类型请求第3/5位=0","DOCX仅列示该排除项，未另述原因","仅影响所列代码覆盖率统计；不替代功能正确性与全芯片动态签核","静态代码审查；在具备VCS/URG的全芯片环境复核适用边界","DOCX代码覆盖率排除项","待项目评审确认","1.14.3","来源：07_xxx_代码与功能覆盖率排除说明文档.docx；分组及同理排除引用按原文保留"
"condition","wk_lsu_snoop_req_arbiter | 1）wk_lsu_snoop_req_arbiter.sv – 185，排除子表达式lsu_biu_ac_ready单独为0的条件。","未在本仓库srcs中定位到xx_lsu_snoop_req_arbiter生产源","wk_lsu_snoop_req_arbiter","1）wk_lsu_snoop_req_arbiter.sv – 185，排除子表达式lsu_biu_ac_ready单独为0的条件。","排除原因：对于snoop类型请求，snoop_req_aft_check其他必要条件是icc_snq_create_permit, !lm_snq_stall, cur_snq_entry_empty。lsu_biu_ac_ready=1其中一个条件是cur_snq_entry_empty，!lm_snq_stall, icc_snq_create_permit；因此snoop_req_aft_check是lsu_biu_ac_ready的充分条件。","仅影响所列代码覆盖率统计；不替代功能正确性与全芯片动态签核","静态代码审查；在具备VCS/URG的全芯片环境复核适用边界","DOCX代码覆盖率排除项","待项目评审确认","1.15.3","来源：07_xxx_代码与功能覆盖率排除说明文档.docx；分组及同理排除引用按原文保留"
"toggle","wk_lsu_snoop_req_arbiter | 1）wk_lsu_snoop_req_arbiter.sv；arb_snq_snoop_prot[2:1]，信号tie 0，详见wk_piu_top.sv-ciu_ibiu_acprot，同理排除biu_lsu_ac_prot[2:1]","未在本仓库srcs中定位到xx_lsu_snoop_req_arbiter生产源","wk_lsu_snoop_req_arbiter","1）wk_lsu_snoop_req_arbiter.sv；arb_snq_snoop_prot[2:1]，信号tie 0，详见wk_piu_top.sv-ciu_ibiu_acprot，同理排除biu_lsu_ac_prot[2:1]","1）wk_lsu_snoop_req_arbiter.sv；arb_snq_snoop_prot[2:1]，信号tie 0，详见wk_piu_top.sv-ciu_ibiu_acprot，同理排除biu_lsu_ac_prot[2:1]","仅影响所列代码覆盖率统计；不替代功能正确性与全芯片动态签核","静态代码审查；在具备VCS/URG的全芯片环境复核适用边界","DOCX代码覆盖率排除项","待项目评审确认","1.15.4","来源：07_xxx_代码与功能覆盖率排除说明文档.docx；分组及同理排除引用按原文保留"
"line","wk_lsu_snoop_snq | 1）wk_lsu_snoop_snq.sv – 438，排除改行覆盖","未在本仓库srcs中定位到xx_lsu_snoop_snq生产源","wk_lsu_snoop_snq","1）wk_lsu_snoop_snq.sv – 438，排除改行覆盖","排除原因：snq_rdy_reorder[0]指向最老的待处理的请求，snq内部设有请求寄存器，即便请求未获得dcache仲裁，最老的请求存放在该寄存器中，该指针总是指向次老请求。","仅影响所列代码覆盖率统计；不替代功能正确性与全芯片动态签核","静态代码审查；在具备VCS/URG的全芯片环境复核适用边界","DOCX代码覆盖率排除项","待项目评审确认","1.16.1","来源：07_xxx_代码与功能覆盖率排除说明文档.docx；分组及同理排除引用按原文保留"
"branch","wk_lsu_snoop_snq | 同1）","未在本仓库srcs中定位到xx_lsu_snoop_snq生产源","wk_lsu_snoop_snq","同1）","DOCX仅列示该排除项，未另述原因","仅影响所列代码覆盖率统计；不替代功能正确性与全芯片动态签核","静态代码审查；在具备VCS/URG的全芯片环境复核适用边界","DOCX代码覆盖率排除项","待项目评审确认","1.16.2","来源：07_xxx_代码与功能覆盖率排除说明文档.docx；分组及同理排除引用按原文保留"
"condition","wk_lsu_snoop_snq | 1）wk_lsu_snoop_snq.sv-847，排除两个子表达式单独为0的条件。","未在本仓库srcs中定位到xx_lsu_snoop_snq生产源","wk_lsu_snoop_snq","1）wk_lsu_snoop_snq.sv-847，排除两个子表达式单独为0的条件。","排除原因：同一个信号，如下图：；同理排除816行。","仅影响所列代码覆盖率统计；不替代功能正确性与全芯片动态签核","静态代码审查；在具备VCS/URG的全芯片环境复核适用边界","DOCX代码覆盖率排除项","待项目评审确认","1.16.3","来源：07_xxx_代码与功能覆盖率排除说明文档.docx；分组及同理排除引用按原文保留"
"condition","wk_lsu_snoop_snq | 2）wk_lsu_snoop_snq.sv – 1162，排除后两个子表达式单独为0的条件。","未在本仓库srcs中定位到xx_lsu_snoop_snq生产源","wk_lsu_snoop_snq","2）wk_lsu_snoop_snq.sv – 1162，排除后两个子表达式单独为0的条件。","排除原因：作废tag时，同时申请3条流水线仲裁，需要同时满足，才获得grnt信号。","仅影响所列代码覆盖率统计；不替代功能正确性与全芯片动态签核","静态代码审查；在具备VCS/URG的全芯片环境复核适用边界","DOCX代码覆盖率排除项","待项目评审确认","1.16.3","来源：07_xxx_代码与功能覆盖率排除说明文档.docx；分组及同理排除引用按原文保留"
"condition","wk_lsu_snoop_snq | 3）823","未在本仓库srcs中定位到xx_lsu_snoop_snq生产源","wk_lsu_snoop_snq","3）823","排除原因：sdb_biu_cd_valid=1是启动数据传输的必要条件（如下图），此后一直维持=1，直至最后一笔数据传输完成。；同理，排除830、837、855、887行","仅影响所列代码覆盖率统计；不替代功能正确性与全芯片动态签核","静态代码审查；在具备VCS/URG的全芯片环境复核适用边界","DOCX代码覆盖率排除项","待项目评审确认","1.16.3","来源：07_xxx_代码与功能覆盖率排除说明文档.docx；分组及同理排除引用按原文保留"
"condition","wk_lsu_snoop_snq | 4）wk_lsu_snoop_snq.sv – 612，排除子表达式snq_snpdt_need_data单独为0的条件。","未在本仓库srcs中定位到xx_lsu_snoop_snq生产源","wk_lsu_snoop_snq","4）wk_lsu_snoop_snq.sv – 612，排除子表达式snq_snpdt_need_data单独为0的条件。","排除原因：该状态表示数据请求在ex2栈遇到ex3栈的ecc停顿请求导致重发，状态启动的必要条件是snq_snpdt_need_data，因此在该状态下，snq_snpdt_need_data=1.（寄存器）","仅影响所列代码覆盖率统计；不替代功能正确性与全芯片动态签核","静态代码审查；在具备VCS/URG的全芯片环境复核适用边界","DOCX代码覆盖率排除项","待项目评审确认","1.16.3","来源：07_xxx_代码与功能覆盖率排除说明文档.docx；分组及同理排除引用按原文保留"
"condition","wk_lsu_snoop_snq | 2）wk_lsu_snoop_snq.sv – 1188，排除子表达式snq_dcache_snpdt_req单独为0的条件。","未在本仓库srcs中定位到xx_lsu_snoop_snq生产源","wk_lsu_snoop_snq","2）wk_lsu_snoop_snq.sv – 1188，排除子表达式snq_dcache_snpdt_req单独为0的条件。","排除原因：snq_dcache_snpdt_req是snq_dcache_snpdt_data_req必要条件。前者在snoop_dt_req_create_en有效时寄存1，后者在该信号有效时有条件寄存1。考虑到snq_dcache_snpdt_data_req可能寄存已完成的请求信息，读取数据需要2拍，已完成的请求snp_dcache_snpdt_first=0.","仅影响所列代码覆盖率统计；不替代功能正确性与全芯片动态签核","静态代码审查；在具备VCS/URG的全芯片环境复核适用边界","DOCX代码覆盖率排除项","待项目评审确认","1.16.3","来源：07_xxx_代码与功能覆盖率排除说明文档.docx；分组及同理排除引用按原文保留"
"condition","wk_lsu_snoop_snq | 8）wk_lsu_snoop_snq.sv – 677，排除第一个子表达式的子表达式snpdt_state_idle和snq_snpdt_need_chg_tag单独为0的条件。","未在本仓库srcs中定位到xx_lsu_snoop_snq生产源","wk_lsu_snoop_snq","8）wk_lsu_snoop_snq.sv – 677，排除第一个子表达式的子表达式snpdt_state_idle和snq_snpdt_need_chg_tag单独为0的条件。","排除原因：snpdt_state_idle=0（非idle）表示当前请求在请求数据或者tag状态，而当前snq请求未处理完（以cr-valid为准），不会处理下一个请求（snq_snpdt_start）。第2个条件，如果既不需要请求数据（snq_snpdt_need_data=0）也不需要改变tag（snq_snpdt_need_chg_tag），则不会发起snpdt请求。","仅影响所列代码覆盖率统计；不替代功能正确性与全芯片动态签核","静态代码审查；在具备VCS/URG的全芯片环境复核适用边界","DOCX代码覆盖率排除项","待项目评审确认","1.16.3","来源：07_xxx_代码与功能覆盖率排除说明文档.docx；分组及同理排除引用按原文保留"
"condition","wk_lsu_snoop_snq | 4）wk_lsu_snoop_snq.sv – 1248，排除子表达式snoop_dt_req_create_en单独为0的条件。","未在本仓库srcs中定位到xx_lsu_snoop_snq生产源","wk_lsu_snoop_snq","4）wk_lsu_snoop_snq.sv – 1248，排除子表达式snoop_dt_req_create_en单独为0的条件。","排除原因：对于只访问tag的请求，snq_snpdt_start是snoop_dt_req_create_en充分条件。对于需要访问数据的第二笔请求，或者重发的请求，状态机非IDLE是其充分条件。","仅影响所列代码覆盖率统计；不替代功能正确性与全芯片动态签核","静态代码审查；在具备VCS/URG的全芯片环境复核适用边界","DOCX代码覆盖率排除项","待项目评审确认","1.16.3","来源：07_xxx_代码与功能覆盖率排除说明文档.docx；分组及同理排除引用按原文保留"
"toggle","wk_lsu_snoop_snq | 1）wk_lsu_snoop_resp.sv；ctcq_biu_cr_resp[4:0]，信号tie 0，详见wk_lsu_snoop_ctcq.sv – ctcq_biu_cr_resp；lsu_biu_cr_resp[4]，信号tie 0，详见wk_lsu_snoop_snq_entry.sv – dcache_snq_resp;","未在本仓库srcs中定位到xx_lsu_snoop_snq生产源","wk_lsu_snoop_snq","1）wk_lsu_snoop_resp.sv；ctcq_biu_cr_resp[4:0]，信号tie 0，详见wk_lsu_snoop_ctcq.sv – ctcq_biu_cr_resp；lsu_biu_cr_resp[4]，信号tie 0，详见wk_lsu_snoop_snq_entry.sv – dcache_snq_resp;","1）wk_lsu_snoop_resp.sv；ctcq_biu_cr_resp[4:0]，信号tie 0，详见wk_lsu_snoop_ctcq.sv – ctcq_biu_cr_resp；lsu_biu_cr_resp[4]，信号tie 0，详见wk_lsu_snoop_snq_entry.sv – dcache_snq_resp;","仅影响所列代码覆盖率统计；不替代功能正确性与全芯片动态签核","静态代码审查；在具备VCS/URG的全芯片环境复核适用边界","DOCX代码覆盖率排除项","待项目评审确认","1.16.4","来源：07_xxx_代码与功能覆盖率排除说明文档.docx；分组及同理排除引用按原文保留"
"toggle","wk_lsu_snoop_snq | 2）wk_lsu_snoop_snq.sv；snq_dirty_af_ecc[2]，信号tie 0，详见wk_lsu_snoop_snq.sv – snpdt_chg_tag（713），同理排除snq_dcache_snpdt_chg_tag[2]，snpdt_chg_tag[2]；snq_rdy_reorder[0]，排除原因同1.16.1；snq_entry0-5_cr_resp[4]，信号tie 0，详见wk_lsu_snoop_ctcq.sv – ctcq_biu_cr_resp，同理排除snq_biu_cr_resp[4]；snq_create_prot[2:1]，信号tie 0，同1.15.4；arb_snq_snoop_prot[2:0]，信号tie 0，同1.15.4","未在本仓库srcs中定位到xx_lsu_snoop_snq生产源","wk_lsu_snoop_snq","2）wk_lsu_snoop_snq.sv；snq_dirty_af_ecc[2]，信号tie 0，详见wk_lsu_snoop_snq.sv – snpdt_chg_tag（713），同理排除snq_dcache_snpdt_chg_tag[2]，snpdt_chg_tag[2]；snq_rdy_reorder[0]，排除原因同1.16.1；snq_entry0-5_cr_resp[4]，信号tie 0，详见wk_lsu_snoop_ctcq.sv – ctcq_biu_cr_resp，同理排除snq_biu_cr_resp[4]；snq_create_prot[2:1]，信号tie 0，同1.15.4；arb_snq_snoop_prot[2:0]，信号tie 0，同1.15.4","2）wk_lsu_snoop_snq.sv；snq_dirty_af_ecc[2]，信号tie 0，详见wk_lsu_snoop_snq.sv – snpdt_chg_tag（713），同理排除snq_dcache_snpdt_chg_tag[2]，snpdt_chg_tag[2]；snq_rdy_reorder[0]，排除原因同1.16.1；snq_entry0-5_cr_resp[4]，信号tie 0，详见wk_lsu_snoop_ctcq.sv – ctcq_biu_cr_resp，同理排除snq_biu_cr_resp[4]；snq_create_prot[2:1]，信号tie 0，同1.15.4；arb_snq_snoop_prot[2:0]，信号tie 0，同1.15.4","仅影响所列代码覆盖率统计；不替代功能正确性与全芯片动态签核","静态代码审查；在具备VCS/URG的全芯片环境复核适用边界","DOCX代码覆盖率排除项","待项目评审确认","1.16.4","来源：07_xxx_代码与功能覆盖率排除说明文档.docx；分组及同理排除引用按原文保留"
"fsm","wk_lsu_snoop_snq | 1）cdr_cur_state状态机从中间态跳到复位态。","未在本仓库srcs中定位到xx_lsu_snoop_snq生产源","wk_lsu_snoop_snq","1）cdr_cur_state状态机从中间态跳到复位态。","排除原因：CDR_DATA2/CDR_DATA3没有跳转到IDLE的路径，仅在复位时置IDLE。","仅影响所列代码覆盖率统计；不替代功能正确性与全芯片动态签核","静态代码审查；在具备VCS/URG的全芯片环境复核适用边界","DOCX代码覆盖率排除项","待项目评审确认","1.16.5","来源：07_xxx_代码与功能覆盖率排除说明文档.docx；分组及同理排除引用按原文保留"
"fsm","wk_lsu_snoop_snq | 2）snpdt_cur_state状态机从中间态跳转到idle","未在本仓库srcs中定位到xx_lsu_snoop_snq生产源","wk_lsu_snoop_snq","2）snpdt_cur_state状态机从中间态跳转到idle","排除原因：同上","仅影响所列代码覆盖率统计；不替代功能正确性与全芯片动态签核","静态代码审查；在具备VCS/URG的全芯片环境复核适用边界","DOCX代码覆盖率排除项","待项目评审确认","1.16.5","来源：07_xxx_代码与功能覆盖率排除说明文档.docx；分组及同理排除引用按原文保留"
"condition","wk_lsu_snoop_snq_entry | 1）wk_lsu_snoop_snq_entry.sv – 630，排除snq_need_chg_tag_m单独为1的条件。","未在本仓库srcs中定位到xx_lsu_snoop_snq_entry生产源","wk_lsu_snoop_snq_entry","1）wk_lsu_snoop_snq_entry.sv – 630，排除snq_need_chg_tag_m单独为1的条件。","排除原因：该条件为脏态下的clean_share请求，脏态意味着非S态，而非S态的clean_share请求即snq_need_chg_tag_s，故snq_need_chg_tag_m是snq_need_chg_tag_s充分条件。同理排除618行相应条件。","仅影响所列代码覆盖率统计；不替代功能正确性与全芯片动态签核","静态代码审查；在具备VCS/URG的全芯片环境复核适用边界","DOCX代码覆盖率排除项","待项目评审确认","1.17.3","来源：07_xxx_代码与功能覆盖率排除说明文档.docx；分组及同理排除引用按原文保留"
"condition","wk_lsu_snoop_snq_entry | 2）wk_lsu_snoop_snq_entry.sv – 442，排除子表达式arb_snq_entry_oldest_index单独为0的条件。","未在本仓库srcs中定位到xx_lsu_snoop_snq_entry生产源","wk_lsu_snoop_snq_entry","2）wk_lsu_snoop_snq_entry.sv – 442，排除子表达式arb_snq_entry_oldest_index单独为0的条件。","排除原因：该信号表示处理当前子项snq请求，是其查询tag和进行snpdt操作的必要条件。同理排除714行","仅影响所列代码覆盖率统计；不替代功能正确性与全芯片动态签核","静态代码审查；在具备VCS/URG的全芯片环境复核适用边界","DOCX代码覆盖率排除项","待项目评审确认","1.17.3","来源：07_xxx_代码与功能覆盖率排除说明文档.docx；分组及同理排除引用按原文保留"
"condition","wk_lsu_snoop_snq_entry | 3）wk_lsu_snoop_snq_entry.sv – 587，排除第一个子表达式单独为0的条件。","未在本仓库srcs中定位到xx_lsu_snoop_snq_entry生产源","wk_lsu_snoop_snq_entry","3）wk_lsu_snoop_snq_entry.sv – 587，排除第一个子表达式单独为0的条件。","排除原因：行有效是脏态的必要条件，同理排除536、543行相应条件","仅影响所列代码覆盖率统计；不替代功能正确性与全芯片动态签核","静态代码审查；在具备VCS/URG的全芯片环境复核适用边界","DOCX代码覆盖率排除项","待项目评审确认","1.17.3","来源：07_xxx_代码与功能覆盖率排除说明文档.docx；分组及同理排除引用按原文保留"
"fsm","wk_lsu_snoop_snq_entry | 1）wk_lsu_snoop_snq_entry.sv","未在本仓库srcs中定位到xx_lsu_snoop_snq_entry生产源","wk_lsu_snoop_snq_entry","1）wk_lsu_snoop_snq_entry.sv","排除原因：这些状态都没有到IDLE的路径，仅在复位时置IDLE。","仅影响所列代码覆盖率统计；不替代功能正确性与全芯片动态签核","静态代码审查；在具备VCS/URG的全芯片环境复核适用边界","DOCX代码覆盖率排除项","待项目评审确认","1.17.5","来源：07_xxx_代码与功能覆盖率排除说明文档.docx；分组及同理排除引用按原文保留"
"toggle","wk_lsu_lq | 1）wk_lsu_lq；156-lq_entry_all1s_high0，未使用信号，同理排除lq_entry_all1s_high1, lq_entry_all1s_low0/1。；41-ldc0_ex2_chk_ld_addr1_vld，cache-buffer未使用，该信号tie 0，同理排除lsdc0/1_ex2_chk_ld_addr1_vld；同理排除wk_lsu_lq_entry中，ldc0/lsdc0.1_ex2_chk_ld_addr1_vld, lq_entry_ldc0/lsdc0/1_rar_spec_fail1，","srcs/xx_lsu_lq.sv","wk_lsu_lq","1）wk_lsu_lq；156-lq_entry_all1s_high0，未使用信号，同理排除lq_entry_all1s_high1, lq_entry_all1s_low0/1。；41-ldc0_ex2_chk_ld_addr1_vld，cache-buffer未使用，该信号tie 0，同理排除lsdc0/1_ex2_chk_ld_addr1_vld；同理排除wk_lsu_lq_entry中，ldc0/lsdc0.1_ex2_chk_ld_addr1_vld, lq_entry_ldc0/lsdc0/1_rar_spec_fail1，","1）wk_lsu_lq；156-lq_entry_all1s_high0，未使用信号，同理排除lq_entry_all1s_high1, lq_entry_all1s_low0/1。；41-ldc0_ex2_chk_ld_addr1_vld，cache-buffer未使用，该信号tie 0，同理排除lsdc0/1_ex2_chk_ld_addr1_vld；同理排除wk_lsu_lq_entry中，ldc0/lsdc0.1_ex2_chk_ld_addr1_vld, lq_entry_ldc0/lsdc0/1_rar_spec_fail1，","仅影响所列代码覆盖率统计；不替代功能正确性与全芯片动态签核","静态代码审查；在具备VCS/URG的全芯片环境复核适用边界","DOCX代码覆盖率排除项","待项目评审确认","1.18.4","来源：07_xxx_代码与功能覆盖率排除说明文档.docx；分组及同理排除引用按原文保留"
"condition","wk_ls_age_matrix | 1）wk_lsu_age_matrix.sv – 排除条件无法覆盖","未在本仓库srcs中定位到xx_lsu_age_matrix生产源","wk_ls_age_matrix","1）wk_lsu_age_matrix.sv – 排除条件无法覆盖","排除原因：src1_alloc_entry, src2_alloc_entry, src3_alloc_entry接同一个信号；","仅影响所列代码覆盖率统计；不替代功能正确性与全芯片动态签核","静态代码审查；在具备VCS/URG的全芯片环境复核适用边界","DOCX代码覆盖率排除项","待项目评审确认","1.21.3","来源：07_xxx_代码与功能覆盖率排除说明文档.docx；分组及同理排除引用按原文保留"
